Año,D F,Reportado?,Categorías IPCC 2006,CO2-Absorciones en Gg,CO2 -Emisiones en Gg,CH4-Emisiones en Gg,N2O-Emisiones en Gg,HFC-32-Emisiones en Gg,HFC-125-Emisiones en Gg,HFC-134a-Emisiones en Gg,HFC-143a-Emisiones en Gg,HFC-152a-Emisiones en Gg,HFC-227ea-Emisiones en Gg,PFCs-Emisiones en Gg,SF6-Emisiones en Gg,NOX-Precursores en Gg,CO-Precursores en Gg,COVDM-Precursores en Gg,SO2-Precursores en Gg,CO2-Absorciones en Gg de CO2eq,CO2-Emisiones en Gg de CO2eq,CH4-Emisiones en Gg de CO2eq,N2O-Emisiones en Gg de CO2eq,HFC-32-Emisiones en Gg de CO2eq,HFC-125-Emisiones en Gg de CO2eq,HFC-134a-Emisiones en Gg de CO2eq,HFC-143a-Emisiones en Gg de CO2eq,HFC-152a-Emisiones en Gg de CO2eq,HFC-227ea-Emisiones en Gg de CO2eq,PFCs-Emisiones en Gg de CO2eq,SF6-Emisiones en Gg de CO2eq,Absorciones Totales.Gg de CO2eq,Emisiones totales (ΣGEI)-Gg de CO2eq,Con todas las emisiones y absorciones-Gg de CO2eq
2014,F,SI,TOTAL NACIONAL,"-22,658.77","166,975.58","2,148.73",73.64,3.29E-02,1.16E-01,9.63E-01,7.60E-02,6.52E-03,6.06E-04,0.00,0.01,25.36,1.15E+03,0.00,0.00E+00,"-22,658.77","166,975.58","45,123.42","22,827.01",21.40,326.00,"1,251.70",288.96,0.91,1.76,0.00,156.64,"-22,658.77","236,973.38","214,314.61"
2014,F,SI,1. Energía,NA,"72,537.64",415.00,4.06,NA,NA,NA,NA,NA,NA,NA,NA,"2,272.79",2.67E+03,"2,641.59",9.14E+03,NA,"72,537.64","8,715.10","1,257.11",NA,NA,NA,NA,NA,NA,NA,NA,NA,"82,509.85","82,509.85"
2014,F,SI,1A Actividades de quema de combustible,NA,"72,348.99",61.06,2.62,NA,NA,NA,NA,NA,NA,NA,NA,"2,272.79",2.67E+03,349.13,9.14E+03,NA,"72,348.99","1,282.16",811.59,NA,NA,NA,NA,NA,NA,NA,NA,NA,"74,442.74","74,442.74"
2014,F,SI,1A1   Industrias de la energía,NA,"23,252.79",4.65E-01,0.14,NA,NA,NA,NA,NA,NA,NA,NA,"2,017.80",5.76E+02,76.42,8.81E+03,NA,"23,252.79",9.77,44.84,NA,NA,NA,NA,NA,NA,NA,NA,NA,"23,307.40","23,307.40"
2014,F,SI,1A1a   Producción de electricidad y calor como actividad principal,NA,"11,937.81",1.93E-01,0.10,NA,NA,NA,NA,NA,NA,NA,NA,22.55,5.14E+00,3.64E-01,1.76E+02,NA,"11,937.81",4.06,31.03,NA,NA,NA,NA,NA,NA,NA,NA,NA,"11,972.91","11,972.91"
2014,F,SI,1A1ai   Generación de electricidad,NA,"11,937.81",1.93E-01,0.10,NA,NA,NA,NA,NA,NA,NA,NA,22.55,5.14E+00,3.64E-01,1.76E+02,NA,"11,937.81",4.06,31.03,NA,NA,NA,NA,NA,NA,NA,NA,NA,"11,972.91","11,972.91"
2014,D,SI,Sistema interconectado nacional,NA,"11,625.14",1.81E-01,0.10,NA,NA,NA,NA,NA,NA,NA,NA,22.28,5.07E+00,3.61E-01,1.76E+02,NA,"11,625.14",3.80,30.25,NA,NA,NA,NA,NA,NA,NA,NA,NA,"11,659.18","11,659.18"
2014,D,SI,Zona no interconectada,NA,312.68,1.26E-02,0.00,NA,NA,NA,NA,NA,NA,NA,NA,0.27,6.83E-02,3.37E-03,1.25E-02,NA,312.68,2.66E-01,7.84E-01,NA,NA,NA,NA,NA,NA,NA,NA,NA,313.73,313.73
2014,x,SI,1A1aii   Generación combinada de calor y energía (CHP),NA,NO,NO,NO,NA,NA,NA,NA,NA,NA,NA,NA,NO,NO,NO,NO,NA,NO,NO,NO,NA,NA,NA,NA,NA,NA,NA,NA,NA,NO,NO
2014,x,SI,1A1aiii   Plantas generadoras de energía (CHP),NA,NO,NO,NO,NA,NA,NA,NA,NA,NA,NA,NA,NO,NO,NO,NO,NA,NO,NO,NO,NA,NA,NA,NA,NA,NA,NA,NA,NA,NO,NO
2014,D,SI,1A1b   Refinación de petróleo,NA,"2,560.31",4.64E-02,0.00,NA,NA,NA,NA,NA,NA,NA,NA,3.96,1.81E+00,2.15E-01,1.80E-05,NA,"2,560.31",9.74E-01,1.44,NA,NA,NA,NA,NA,NA,NA,NA,NA,"2,562.72","2,562.72"
2014,F,SI,1A1c   Fabricación de combustibles sólidos y otras industrias energéticas,NA,"8,754.66",2.26E-01,0.04,NA,NA,NA,NA,NA,NA,NA,NA,"1,991.29",5.69E+02,75.84,8.63E+03,NA,"8,754.66",4.74,12.36,NA,NA,NA,NA,NA,NA,NA,NA,NA,"8,771.76","8,771.76"
2014,D,SI,1A1ci   Manufactura de combustibles sólidos,NA,"1,464.31",2.61E-04,NE,NA,NA,NA,NA,NA,NA,NA,NA,"1,987.52",5.68E+02,75.78,8.62E+03,NA,"1,464.31",5.49E-03,NE,NA,NA,NA,NA,NA,NA,NA,NA,NA,"1,464.32","1,464.32"
2014,F,SI,1A1cii   Otras industrias de la energía,NA,"7,290.35",2.25E-01,0.04,NA,NA,NA,NA,NA,NA,NA,NA,3.77,7.46E-01,6.40E-02,1.09E+01,NA,"7,290.35",4.73,12.36,NA,NA,NA,NA,NA,NA,NA,NA,NA,"7,307.44","7,307.44"
2014,D,SI,Extracción y procesamiento de petróleo y gas natural,NA,"4,601.29",1.17E-01,0.02,NA,NA,NA,NA,NA,NA,NA,NA,1.43,1.63E-01,3.51E-02,1.08E+01,NA,"4,601.29",2.45,5.62,NA,NA,NA,NA,NA,NA,NA,NA,NA,"4,609.35","4,609.35"
2014,D,SI,Producción de carbón,NA,"2,689.06",1.09E-01,0.02,NA,NA,NA,NA,NA,NA,NA,NA,2.34,5.83E-01,2.90E-02,1.07E-01,NA,"2,689.06",2.28,6.74,NA,NA,NA,NA,NA,NA,NA,NA,NA,"2,698.09","2,698.09"
2014,F,SI,1A2   Industrias manufactureras y de la construcción,NA,"14,045.72",3.67,0.50,NA,NA,NA,NA,NA,NA,NA,NA,35.39,1.51E+02,35.28,3.16E+02,NA,"14,045.72",77.11,153.54,NA,NA,NA,NA,NA,NA,NA,NA,NA,"14,276.36","14,276.36"
2014,D,SI,1A2a   Hierro y acero,NA,940.82,7.19E-02,0.01,NA,NA,NA,NA,NA,NA,NA,NA,1.98,6.10E+00,7.15E-01,1.96E+01,NA,940.82,1.51,3.28,NA,NA,NA,NA,NA,NA,NA,NA,NA,945.61,945.61
2014,D,SI,1A2b   Metales no ferrosos,NA,IE,IE,IE,NA,NA,NA,NA,NA,NA,NA,NA,IE,IE,IE,IE,NA,IE,IE,IE,NA,NA,NA,NA,NA,NA,NA,NA,NA,IE,IE
2014,D,SI,1A2c   Productos químicos,NA,"1,156.10",9.62E-02,0.01,NA,NA,NA,NA,NA,NA,NA,NA,2.06,6.80E+00,9.15E-01,2.12E+01,NA,"1,156.10",2.02,3.85,NA,NA,NA,NA,NA,NA,NA,NA,NA,"1,161.98","1,161.98"
2014,D,SI,1A2d   Pulpa. papel e imprenta,NA,"1,744.94",1.41E-01,0.02,NA,NA,NA,NA,NA,NA,NA,NA,3.19,1.24E+01,1.40,4.05E+01,NA,"1,744.94",2.96,6.41,NA,NA,NA,NA,NA,NA,NA,NA,NA,"1,754.32","1,754.32"
2014,D,SI,1A2e   Procesamiento de alimentos. bebidas y tabaco,NA,"2,320.80",2.45,0.33,NA,NA,NA,NA,NA,NA,NA,NA,11.36,5.89E+01,24.48,5.44E+01,NA,"2,320.80",51.45,102.00,NA,NA,NA,NA,NA,NA,NA,NA,NA,"2,474.24","2,474.24"
2014,D,SI,1A2f   Minerales no metálicos,NA,"6,087.71",7.71E-01,0.10,NA,NA,NA,NA,NA,NA,NA,NA,11.90,5.65E+01,6.44,1.49E+02,NA,"6,087.71",16.18,31.75,NA,NA,NA,NA,NA,NA,NA,NA,NA,"6,135.64","6,135.64"
2014,D,SI,1A2g   Equipo de transporte,NA,30.02,7.98E-04,0.00,NA,NA,NA,NA,NA,NA,NA,NA,0.07,3.25E-02,1.30E-02,9.54E-03,NA,30.02,1.67E-02,3.37E-02,NA,NA,NA,NA,NA,NA,NA,NA,NA,30.07,30.07
2014,D,SI,1A2h   Maquinaria,NA,104.29,3.40E-03,0.00,NA,NA,NA,NA,NA,NA,NA,NA,0.22,1.58E-01,5.12E-02,1.79E-01,NA,104.29,7.15E-02,1.41E-01,NA,NA,NA,NA,NA,NA,NA,NA,NA,104.50,104.50
2014,D,SI,1A2i   Minería (con excepción de combustibles) y cantería,NA,1.21,5.23E-05,0.00,NA,NA,NA,NA,NA,NA,NA,NA,0.01,1.15E-03,4.36E-04,6.23E-05,NA,1.21,1.10E-03,3.24E-03,NA,NA,NA,NA,NA,NA,NA,NA,NA,1.21,1.21
2014,D,SI,1A2j   Madera y productos de la madera,NA,27.90,2.35E-03,0.00,NA,NA,NA,NA,NA,NA,NA,NA,0.10,4.75E-02,2.25E-02,2.84E-02,NA,27.90,4.93E-02,8.55E-02,NA,NA,NA,NA,NA,NA,NA,NA,NA,28.03,28.03
2014,D,SI,1A2k   Construcción,NA,302.11,1.22E-02,0.00,NA,NA,NA,NA,NA,NA,NA,NA,2.09,2.69E-01,1.02E-01,1.21E-02,NA,302.11,2.57E-01,7.58E-01,NA,NA,NA,NA,NA,NA,NA,NA,NA,303.12,303.12
2014,D,SI,1A2l   Textiles y cueros,NA,"1,132.09",1.16E-01,0.02,NA,NA,NA,NA,NA,NA,NA,NA,2.12,9.53E+00,1.05,3.10E+01,NA,"1,132.09",2.44,5.03,NA,NA,NA,NA,NA,NA,NA,NA,NA,"1,139.56","1,139.56"
2014,D,SI,1A2m   Industria no especificada,NA,197.73,7.31E-03,0.00,NA,NA,NA,NA,NA,NA,NA,NA,0.31,2.33E-01,9.25E-02,4.17E-01,NA,197.73,1.53E-01,1.95E-01,NA,NA,NA,NA,NA,NA,NA,NA,NA,198.08,198.08
2014,F,SI,1A3   Transporte,NA,"28,711.80",9.19,1.34,NA,NA,NA,NA,NA,NA,NA,NA,191.27,1.36E+03,147.26,2.32E+00,NA,"28,711.80",192.89,414.43,NA,NA,NA,NA,NA,NA,NA,NA,NA,"29,319.12","29,319.12"
2014,F,SI,1A3a   Aviación civil,NA,"1,940.41",1.32E-02,0.05,NA,NA,NA,NA,NA,NA,NA,NA,6.59,1.00E+01,1.44,1.09E+00,NA,"1,940.41",2.77E-01,16.34,NA,NA,NA,NA,NA,NA,NA,NA,NA,"1,957.03","1,957.03"
2014,D,SI,1A3aii   Aviación de cabotaje,NA,"1,940.41",1.32E-02,0.05,NA,NA,NA,NA,NA,NA,NA,NA,6.59,1.00E+01,1.44,1.09E+00,NA,"1,940.41",2.77E-01,16.34,NA,NA,NA,NA,NA,NA,NA,NA,NA,"1,957.03","1,957.03"
2014,F,SI,1A3b   Transporte terrestre,NA,"25,862.90",8.36,1.22,NA,NA,NA,NA,NA,NA,NA,NA,169.22,7.14E+02,145.03,1.21E+00,NA,"25,862.90",175.52,378.00,NA,NA,NA,NA,NA,NA,NA,NA,NA,"26,416.41","26,416.41"
2014,D,SI,1A3bi   Automóviles,NA,"9,936.29",5.87,0.47,NA,NA,NA,NA,NA,NA,NA,NA,37.97,2.21E+02,25.49,4.87E-01,NA,"9,936.29",123.17,147.05,NA,NA,NA,NA,NA,NA,NA,NA,NA,"10,206.51","10,206.51"
2014,X,SI,1A3bi1    Automóviles de pasajeros con catalizadores tridireccionales,NA,IE,IE,IE,NA,NA,NA,NA,NA,NA,NA,NA,IE,IE,IE,IE,NA,IE,IE,IE,NA,NA,NA,NA,NA,NA,NA,NA,NA,IE,IE
2014,X,SI,1A3bi2    Automóviles de pasajeros sin catalizadores tridireccionales,NA,IE,IE,IE,NA,NA,NA,NA,NA,NA,NA,NA,IE,IE,IE,IE,NA,IE,IE,IE,NA,NA,NA,NA,NA,NA,NA,NA,NA,IE,IE
2014,D,SI,1A3bii   Camiones para servicio ligero,NA,"2,867.19",1.16,0.15,NA,NA,NA,NA,NA,NA,NA,NA,15.27,5.20E+01,5.18,1.22E-01,NA,"2,867.19",24.33,45.44,NA,NA,NA,NA,NA,NA,NA,NA,NA,"2,936.96","2,936.96"
2014,X,SI,1A3bii1    Camiones para servicio ligero con catalizadores tridireccionales,NA,IE,IE,IE,NA,NA,NA,NA,NA,NA,NA,NA,IE,IE,IE,IE,NA,IE,IE,IE,NA,NA,NA,NA,NA,NA,NA,NA,NA,IE,IE
2014,X,SI,1A3bii2    Camiones para servicio ligero sin catalizadores tridireccionales,NA,IE,IE,IE,NA,NA,NA,NA,NA,NA,NA,NA,IE,IE,IE,IE,NA,IE,IE,IE,NA,NA,NA,NA,NA,NA,NA,NA,NA,IE,IE
2014,D,SI,1A3biii   Camiones para servicio pesado y autobuses,NA,"10,529.86",9.30E-01,0.56,NA,NA,NA,NA,NA,NA,NA,NA,110.26,4.62E+01,10.24,4.55E-01,NA,"10,529.86",19.54,174.13,NA,NA,NA,NA,NA,NA,NA,NA,NA,"10,723.52","10,723.52"
2014,D,SI,1A3biv   Motocicletas,NA,"2,529.56",4.04E-01,0.04,NA,NA,NA,NA,NA,NA,NA,NA,5.71,3.94E+02,104.11,1.43E-01,NA,"2,529.56",8.48,11.38,NA,NA,NA,NA,NA,NA,NA,NA,NA,"2,549.42","2,549.42"
2014,X,SI,1A3bv   Emisiones por evaporación procedentes de vehículos,NA,NE,NE,NE,NA,NA,NA,NA,NA,NA,NA,NA,NE,NE,NE,NE,NA,NE,NE,NE,NA,NA,NA,NA,NA,NA,NA,NA,NA,NE,NE
2014,X,SI,1A3bvi   Catalizadores basados en urea,NA,NE,NE,NE,NA,NA,NA,NA,NA,NA,NA,NA,NE,NE,NE,NE,NA,NE,NE,NE,NA,NA,NA,NA,NA,NA,NA,NA,NA,NE,NE
2014,D,SI,1A3c   Ferrocarriles,NA,73.78,4.03E-03,0.03,NA,NA,NA,NA,NA,NA,NA,NA,3.19,4.03E-01,4.42E-01,2.73E-03,NA,73.78,8.47E-02,8.18,NA,NA,NA,NA,NA,NA,NA,NA,NA,82.04,82.04
2014,F,SI,1A3d   Navegación marítima y fluvial,NA,253.06,2.50E-02,0.01,NA,NA,NA,NA,NA,NA,NA,NA,6.79,6.35E+02,2.35E-01,1.57E-02,NA,253.06,5.26E-01,2.22,NA,NA,NA,NA,NA,NA,NA,NA,NA,255.80,255.80
2014,D,SI,1A3dii   Navegación marítima y fluvial nacional,NA,253.06,2.50E-02,0.01,NA,NA,NA,NA,NA,NA,NA,NA,6.79,6.35E+02,2.35E-01,1.57E-02,NA,253.06,5.26E-01,2.22,NA,NA,NA,NA,NA,NA,NA,NA,NA,255.80,255.80
2014,F,SI,1A3e   Otro tipo de transporte,NA,581.66,7.85E-01,0.03,NA,NA,NA,NA,NA,NA,NA,NA,5.49,3.88E+00,1.14E-01,5.26E-03,NA,581.66,16.48,9.68,NA,NA,NA,NA,NA,NA,NA,NA,NA,607.83,607.83
2014,X,SI,1A3ei   Transporte por gasoductos,NA,464.90,7.70E-01,0.03,NA,NA,NA,NA,NA,NA,NA,NA,5.02,3.35E+00,4.19E-02,NE,NA,464.90,16.17,7.78,NA,NA,NA,NA,NA,NA,NA,NA,NA,488.85,488.85
2014,D,SI,1A3eii   Todo terreno,NA,116.76,1.48E-02,0.01,NA,NA,NA,NA,NA,NA,NA,NA,0.47,5.33E-01,7.24E-02,5.26E-03,NA,116.76,3.11E-01,1.90,NA,NA,NA,NA,NA,NA,NA,NA,NA,118.98,118.98
2014,F,SI,1A4   Otros sectores,NA,"6,338.68",47.73,0.64,NA,NA,NA,NA,NA,NA,NA,NA,28.33,5.80E+02,90.17,1.45E+01,NA,"6,338.68","1,002.39",198.78,NA,NA,NA,NA,NA,NA,NA,NA,NA,"7,539.86","7,539.86"
2014,D,SI,1A4a   Comercial / Institucional,NA,"1,090.51",1.02E-01,0.00,NA,NA,NA,NA,NA,NA,NA,NA,1.50,5.89E-01,4.67E-01,NE,NA,"1,090.51",2.13,6.29E-01,NA,NA,NA,NA,NA,NA,NA,NA,NA,"1,093.27","1,093.27"
2014,D,SI,1A4b   Residencial,NA,"3,650.94",42.67,0.56,NA,NA,NA,NA,NA,NA,NA,NA,14.59,5.69E+02,84.42,1.38E+01,NA,"3,650.94",896.15,174.29,NA,NA,NA,NA,NA,NA,NA,NA,NA,"4,721.38","4,721.38"
2014,F,SI,1A4c   Agricultura / Silvicultura / Pesca / Piscifactorías,NA,"1,597.23",4.96,0.08,NA,NA,NA,NA,NA,NA,NA,NA,12.24,1.05E+01,5.28,6.36E-01,NA,"1,597.23",104.11,23.87,NA,NA,NA,NA,NA,NA,NA,NA,NA,"1,725.20","1,725.20"
2014,D,SI,1A4ci   Estacionaria,NA,"1,577.20",4.95,0.08,NA,NA,NA,NA,NA,NA,NA,NA,12.15,1.04E+01,5.26,6.35E-01,NA,"1,577.20",104.05,23.54,NA,NA,NA,NA,NA,NA,NA,NA,NA,"1,704.79","1,704.79"
2014,D,SI,1A4cii   Vehículos todo terreno y maquinaria,NA,20.03,2.62E-03,0.00,NA,NA,NA,NA,NA,NA,NA,NA,0.09,1.10E-01,1.49E-02,9.00E-04,NA,20.03,5.51E-02,3.24E-01,NA,NA,NA,NA,NA,NA,NA,NA,NA,20.41,20.41
2014,X,SI,1A4cii   Pesca,NA,IE,IE,IE,NA,NA,NA,NA,NA,NA,NA,NA,IE,IE,IE,IE,NA,IE,IE,IE,NA,NA,NA,NA,NA,NA,NA,NA,NA,IE,IE
2014,X,SI,1A5   No especificado,NA,NO,NO,NO,NA,NA,NA,NA,NA,NA,NA,NA,NO,NO,NO,NO,NA,NO,NO,NO,NA,NA,NA,NA,NA,NA,NA,NA,NA,NO,NO
2014,X,SI,1A5a   Estacionario,NA,NO,NO,NO,NA,NA,NA,NA,NA,NA,NA,NA,NO,NO,NO,NO,NA,NO,NO,NO,NA,NA,NA,NA,NA,NA,NA,NA,NA,NO,NO
2014,X,SI,1A5b   Móvil,NA,NO,NO,NO,NA,NA,NA,NA,NA,NA,NA,NA,NO,NO,NO,NO,NA,NO,NO,NO,NA,NA,NA,NA,NA,NA,NA,NA,NA,NO,NO
2014,X,SI,1A5bi   Móvil (componente aviación),NA,NO,NO,NO,NA,NA,NA,NA,NA,NA,NA,NA,NO,NO,NO,NO,NA,NO,NO,NO,NA,NA,NA,NA,NA,NA,NA,NA,NA,NO,NO
2014,X,SI,1A5bii   Móvil (componente del sector marítimo y fluvial),NA,NO,NO,NO,NA,NA,NA,NA,NA,NA,NA,NA,NO,NO,NO,NO,NA,NO,NO,NO,NA,NA,NA,NA,NA,NA,NA,NA,NA,NO,NO
2014,X,SI,1A5biii   Móvil (otros),NA,NO,NO,NO,NA,NA,NA,NA,NA,NA,NA,NA,NO,NO,NO,NO,NA,NO,NO,NO,NA,NA,NA,NA,NA,NA,NA,NA,NA,NO,NO
2014,F,SI,1.B   Emisiones fugitivas provenientes de la fabricación de combustible,NA,188.65,353.95,1.44,NA,NA,NA,NA,NA,NA,NA,NA,NE,NE,"2,292.46",NE,NA,188.65,"7,432.94",445.52,NA,NA,NA,NA,NA,NA,NA,NA,NA,"8,067.11","8,067.11"
2014,F,SI,1.B.1   Combustibles sólidos,NA,1.16,116.11,NA,NA,NA,NA,NA,NA,NA,NA,NA,NE,NE,NE,NE,NA,1.16,"2,438.31",NA,NA,NA,NA,NA,NA,NA,NA,NA,NA,"2,439.47","2,439.47"
2014,F,SI,1B1a   Minería carbonífera y manejo del carbón,NA,1.16,116.11,NA,NA,NA,NA,NA,NA,NA,NA,NA,NE,NE,NE,NE,NA,1.16,"2,438.31",NA,NA,NA,NA,NA,NA,NA,NA,NA,NA,"2,439.47","2,439.47"
2014,F,SI,1B1ai   Minas subterráneas,NA,1.16,52.70,NA,NA,NA,NA,NA,NA,NA,NA,NA,NE,NE,NE,NE,NA,1.16,"1,106.68",NA,NA,NA,NA,NA,NA,NA,NA,NA,NA,"1,107.84","1,107.84"
2014,D,SI,1B1ai1   Minería,NA,9.41E-01,40.54,NA,NA,NA,NA,NA,NA,NA,NA,NA,NE,NE,NE,NE,NA,9.41E-01,851.29,NA,NA,NA,NA,NA,NA,NA,NA,NA,NA,852.23,852.23
2014,D,SI,1B1ai2   Emisiones posteriores a la minería,NA,2.20E-01,12.16,NA,NA,NA,NA,NA,NA,NA,NA,NA,NE,NE,NE,NE,NA,2.20E-01,255.39,NA,NA,NA,NA,NA,NA,NA,NA,NA,NA,255.61,255.61
2014,X,SI,1B1ai3 Minas subterráneas abandonadas,NA,NE,NE,NA,NA,NA,NA,NA,NA,NA,NA,NA,NE,NE,NE,NE,NA,NE,NE,NA,NA,NA,NA,NA,NA,NA,NA,NA,NA,NE,NE
2014,X,SI,1B1ai4   Quema en antorcha de metano drenado o conversión de metano en CO2,NA,NE,NE,NA,NA,NA,NA,NA,NA,NA,NA,NA,NE,NE,NE,NE,NA,NE,NE,NA,NA,NA,NA,NA,NA,NA,NA,NA,NA,NE,NE
2014,F,SI,1B1aii   Minas de superficie,NA,NE,63.41,NA,NA,NA,NA,NA,NA,NA,NA,NA,NE,NE,NE,NE,NA,NE,"1,331.63",NA,NA,NA,NA,NA,NA,NA,NA,NA,NA,"1,331.63","1,331.63"
2014,D,SI,1B1aii1   Minería,NA,NE,48.78,NA,NA,NA,NA,NA,NA,NA,NA,NA,NE,NE,NE,NE,NA,NE,"1,024.33",NA,NA,NA,NA,NA,NA,NA,NA,NA,NA,"1,024.33","1,024.33"
2014,D,SI,1B1aii2   Emisiones posteriores a la minería,NA,NE,14.63,NA,NA,NA,NA,NA,NA,NA,NA,NA,NE,NE,NE,NE,NA,NE,307.30,NA,NA,NA,NA,NA,NA,NA,NA,NA,NA,307.30,307.30
2014,X,SI,1B1b   Combustión espontánea y vertederos para quema de carbón,NA,NE,NE,NA,NA,NA,NA,NA,NA,NA,NA,NA,NE,NE,NE,NE,NA,NE,NE,NA,NA,NA,NA,NA,NA,NA,NA,NA,NA,NE,NE
2014,X,SI,1B1c   Transformación de combustibles sólidos,NA,NE,NE,NA,NA,NA,NA,NA,NA,NA,NA,NA,NE,NE,NE,NE,NA,NE,NE,NA,NA,NA,NA,NA,NA,NA,NA,NA,NA,NE,NE
2014,F,SI,1.B.2   Petróleo y gas natural,NA,187.49,237.84,1.44,NA,NA,NA,NA,NA,NA,NA,NA,NE,NE,"2,292.46",NE,NA,187.49,"4,994.63",445.52,NA,NA,NA,NA,NA,NA,NA,NA,NA,"5,627.64","5,627.64"
2014,F,SI,1B2a   Petróleo,NA,141.32,55.86,1.44,NA,NA,NA,NA,NA,NA,NA,NA,NE,NE,"2,282.35",NE,NA,141.32,"1,173.00",445.41,NA,NA,NA,NA,NA,NA,NA,NA,NA,"1,759.73","1,759.73"
2014,D,SI,1B2ai   Venteo,NA,6.47,49.14,NE,NA,NA,NA,NA,NA,NA,NA,NA,NE,NE,29.31,NE,NA,6.47,"1,031.86",NE,NA,NA,NA,NA,NA,NA,NA,NA,NA,"1,038.33","1,038.33"
2014,D,SI,1B2aii   Quema en antorcha,NA,10.78,1.59E-01,1.44,NA,NA,NA,NA,NA,NA,NA,NA,NE,NE,1.45,NE,NA,10.78,3.33,445.41,NA,NA,NA,NA,NA,NA,NA,NA,NA,459.52,459.52
2014,F,SI,1B2aiii   Todos los demás,NA,124.07,6.56,0.00,NA,NA,NA,NA,NA,NA,NA,NA,NE,NE,"2,251.59",NE,NA,124.07,137.81,7.50E-04,NA,NA,NA,NA,NA,NA,NA,NA,NA,261.88,261.88
2014,X,SI,1B2aiii1   Exploración,NA,NE,NE,NE,NA,NA,NA,NA,NA,NA,NA,NA,NE,NE,NE,NE,NA,NE,NE,NE,NA,NA,NA,NA,NA,NA,NA,NA,NA,NE,NE
2014,D,SI,1B2aiii2   Producción y refinación,NA,123.56,5.86,NE,NA,NA,NA,NA,NA,NA,NA,NA,NE,NE,"2,155.15",NE,NA,123.56,123.10,NE,NA,NA,NA,NA,NA,NA,NA,NA,NA,246.66,246.66
2014,D,SI,1B2aiii3   Transporte,NA,5.09E-01,4.00E-01,0.00,NA,NA,NA,NA,NA,NA,NA,NA,NE,NE,96.44,NE,NA,5.09E-01,8.41,7.50E-04,NA,NA,NA,NA,NA,NA,NA,NA,NA,8.92,8.92
2014,D,SI,1B2aiii4   Refinación,NA,NE,3.00E-01,NE,NA,NA,NA,NA,NA,NA,NA,NA,NE,NE,NE,NE,NA,NE,6.30,NE,NA,NA,NA,NA,NA,NA,NA,NA,NA,6.30,6.30
2014,D,SI,1B2aiii5   Distribución de productos de petróleo,NA,NE,NE,NE,NA,NA,NA,NA,NA,NA,NA,NA,NE,NE,NE,NE,NA,NE,NE,NE,NA,NA,NA,NA,NA,NA,NA,NA,NA,NE,NE
2014,X,SI,1B2aiii6   Otros,NA,NO,NO,NO,NA,NA,NA,NA,NA,NA,NA,NA,NO,NO,NO,NO,NA,NO,NO,NO,NA,NA,NA,NA,NA,NA,NA,NA,NA,NO,NO
2014,F,SI,1B2b   Gas Natural,NA,46.17,181.98,0.00,NA,NA,NA,NA,NA,NA,NA,NA,NE,NE,10.11,NE,NA,46.17,"3,821.63",1.15E-01,NA,NA,NA,NA,NA,NA,NA,NA,NA,"3,867.91","3,867.91"
2014,D,SI,1B2bi   Venteo,NA,22.58,5.11,NE,NA,NA,NA,NA,NA,NA,NA,NA,NE,NE,1.02E-01,NE,NA,22.58,107.25,NE,NA,NA,NA,NA,NA,NA,NA,NA,NA,129.84,129.84
2014,D,SI,1B2bii   Quema en antorcha,NA,20.94,1.32E-02,0.00,NA,NA,NA,NA,NA,NA,NA,NA,NE,NE,1.10E-02,NE,NA,20.94,2.77E-01,1.15E-01,NA,NA,NA,NA,NA,NA,NA,NA,NA,21.34,21.34
2014,F,SI,1B2biii   Todos los demás,NA,2.64,176.86,NE,NA,NA,NA,NA,NA,NA,NA,NA,NE,NE,9.99,NE,NA,2.64,"3,714.10",NE,NA,NA,NA,NA,NA,NA,NA,NA,NA,"3,716.74","3,716.74"
2014,X,SI,1B2biii1   Exploración,NA,NE,NE,NE,NA,NA,NA,NA,NA,NA,NA,NA,NE,NE,NE,NE,NA,NE,NE,NE,NA,NA,NA,NA,NA,NA,NA,NA,NA,NE,NE
2014,D,SI,1B2biii2   Producción,NA,1.42,146.26,NE,NA,NA,NA,NA,NA,NA,NA,NA,NE,NE,9.45,NE,NA,1.42,"3,071.52",NE,NA,NA,NA,NA,NA,NA,NA,NA,NA,"3,072.94","3,072.94"
2014,D,SI,1B2biii3   Procesamiento,NA,5.28E-02,1.67E-01,NE,NA,NA,NA,NA,NA,NA,NA,NA,NE,NE,7.72E-02,NE,NA,5.28E-02,3.51,NE,NA,NA,NA,NA,NA,NA,NA,NA,NA,3.56,3.56
2014,D,SI,1B2biii4   Transmisión y almacenamiento,NA,2.12E-02,8.79,NE,NA,NA,NA,NA,NA,NA,NA,NA,NE,NE,1.58E-01,NE,NA,2.12E-02,184.55,NE,NA,NA,NA,NA,NA,NA,NA,NA,NA,184.57,184.57
2014,D,SI,1B2biii5   Distribución,NA,1.15,21.64,NE,NA,NA,NA,NA,NA,NA,NA,NA,NE,NE,3.13E-01,NE,NA,1.15,454.52,NE,NA,NA,NA,NA,NA,NA,NA,NA,NA,455.67,455.67
2014,X,SI,1B2biii6   Otros,NA,NO,NO,NO,NA,NA,NA,NA,NA,NA,NA,NA,NO,NO,NO,NO,NA,NO,NO,NO,NA,NA,NA,NA,NA,NA,NA,NA,NA,NO,NO
2014,X,SI,1.B.3   Otras emisiones provenientes de la producción de energía,NA,NA,NA,NA,NA,NA,NA,NA,NA,NA,NA,NA,NA,NA,NA,NA,NA,NA,NA,NA,NA,NA,NA,NA,NA,NA,NA,NA,NA,NA,NA
2014,F,SI,1.C   Transporte y almacenamiento de dióxido de carbono,NA,NO,NO,NO,NA,NA,NA,NA,NA,NA,NA,NA,NO,NO,NO,NO,NA,NO,NO,NO,NA,NA,NA,NA,NA,NA,NA,NA,NA,NO,NO
2014,F,SI,1.C.1   Transporte de CO2,NA,NO,NO,NO,NA,NA,NA,NA,NA,NA,NA,NA,NO,NO,NO,NO,NA,NO,NO,NO,NA,NA,NA,NA,NA,NA,NA,NA,NA,NO,NO
2014,X,SI,1C1a    Gasoductos,NA,NA,NA,NA,NA,NA,NA,NA,NA,NA,NA,NA,NA,NA,NA,NA,NA,NA,NA,NA,NA,NA,NA,NA,NA,NA,NA,NA,NA,NA,NA
2014,X,SI,1C1b    Embarcaciones,NA,NA,NA,NA,NA,NA,NA,NA,NA,NA,NA,NA,NA,NA,NA,NA,NA,NA,NA,NA,NA,NA,NA,NA,NA,NA,NA,NA,NA,NA,NA
2014,X,SI,1C1c    Otros,NA,NA,NA,NA,NA,NA,NA,NA,NA,NA,NA,NA,NA,NA,NA,NA,NA,NA,NA,NA,NA,NA,NA,NA,NA,NA,NA,NA,NA,NA,NA
2014,F,SI,1.C.2   Inyección y almacenamiento,NA,NA,NA,NA,NA,NA,NA,NA,NA,NA,NA,NA,NA,NA,NA,NA,NA,NA,NA,NA,NA,NA,NA,NA,NA,NA,NA,NA,NA,NA,NA
2014,X,SI,1C2a    Inyección,NA,NA,NA,NA,NA,NA,NA,NA,NA,NA,NA,NA,NA,NA,NA,NA,NA,NA,NA,NA,NA,NA,NA,NA,NA,NA,NA,NA,NA,NA,NA
2014,X,SI,1C2b    Almacenamiento,NA,NA,NA,NA,NA,NA,NA,NA,NA,NA,NA,NA,NA,NA,NA,NA,NA,NA,NA,NA,NA,NA,NA,NA,NA,NA,NA,NA,NA,NA,NA
2014,X,SI,1.C.3 Otros,NA,NA,NA,NA,NA,NA,NA,NA,NA,NA,NA,NA,NA,NA,NA,NA,NA,NA,NA,NA,NA,NA,NA,NA,NA,NA,NA,NA,NA,NA,NA
2014,F,SI,2 - Procesos Industriales y Uso de Productos,NA,"7,674.89",1.03,2.56,3.29E-02,1.16E-01,9.63E-01,7.60E-02,6.52E-03,6.06E-04,NE,6.55E-03,NA,NA,NA,NA,NA,"7,674.89",21.70,793.80,21.40,326.00,"1,251.70",288.96,0.91,1.76,NE,156.64,NA,"10,537.76","10,537.76"
2014,F,SI,2.A - Industria de los minerales,NA,"5,545.21",NA,NA,NA,NA,NA,NA,NA,NA,NA,NA,NA,NA,NA,NA,0.00,"5,545.21",NA,NA,NA,NA,NA,NA,NA,NA,NA,NA,NA,"5,545.21","5,545.21"
2014,D,SI,2.A.1  Producción de cemento,NA,"5,277.31",NA,NA,NA,NA,NA,NA,NA,NA,NA,NA,NA,NA,NA,NA,NA,"5,277.31",NA,NA,NA,NA,NA,NA,NA,NA,NA,NA,NA,"5,277.31","5,277.31"
2014,D,SI,2.A.2 - Producción de cal,NA,121.81,NA,NA,NA,NA,NA,NA,NA,NA,NA,NA,NA,NA,NA,NA,NA,121.81,NA,NA,NA,NA,NA,NA,NA,NA,NA,NA,NA,121.81,121.81
2014,D,SI,2.A.3 - Producción de vidrio,NA,95.31,NA,NA,NA,NA,NA,NA,NA,NA,NA,NA,NA,NA,NA,NA,NA,95.31,NA,NA,NA,NA,NA,NA,NA,NA,NA,NA,NA,95.31,95.31
2014,F,SI,2.A.4 - Otros usos de carbonatos en los procesos,NA,50.77,NA,NA,NA,NA,NA,NA,NA,NA,NA,NA,NA,NA,NA,NA,NA,50.77,NA,NA,NA,NA,NA,NA,NA,NA,NA,NA,NA,50.77,50.77
2014,X,SI,2A4a Cerámicas,NA,NA,NA,NA,NA,NA,NA,NA,NA,NA,NA,NA,NA,NA,NA,NA,NA,NA,NA,NA,NA,NA,NA,NA,NA,NA,NA,NA,NA,NA,NA
2014,D,SI,2A4b Otros usos de la ceniza de sosa,NA,50.77,NA,NA,NA,NA,NA,NA,NA,NA,NA,NA,NA,NA,NA,NA,NA,50.77,NA,NA,NA,NA,NA,NA,NA,NA,NA,NA,NA,50.77,50.77
2014,X,SI,2A4c Producción de magnesia no metalúrgica,NA,NA,NA,NA,NA,NA,NA,NA,NA,NA,NA,NA,NA,NA,NA,NA,NA,NA,NA,NA,NA,NA,NA,NA,NA,NA,NA,NA,NA,NA,NA
2014,X,SI,2A4d Otros (especificar),NA,NA,NA,NA,NA,NA,NA,NA,NA,NA,NA,NA,NA,NA,NA,NA,NA,NA,NA,NA,NA,NA,NA,NA,NA,NA,NA,NA,NA,NA,NA
2014,X,SI,2.A.5 - Otros,NA,NA,NA,NA,NA,NA,NA,NA,NA,NA,NA,NA,NA,NA,NA,NA,NA,NA,NA,NA,NA,NA,NA,NA,NA,NA,NA,NA,NA,NA,NA
2014,F,SI,2.B - Industria Química,NA,544.72,1.01,2.56,NA,NA,NA,NA,NA,NA,NA,NA,3.43,1.19,9.64,1.67,NA,544.72,21.14,793.80,NA,NA,NA,NA,NA,NA,NA,NA,NA,"1,359.66","1,359.66"
2014,D,SI,2.B.1 - Producción de amoníaco,NA,178.84,NA,NA,NA,NA,NA,NA,NA,NA,NA,NA,NA,8.34E-01,NA,3.17E-03,NA,178.84,NA,NA,NA,NA,NA,NA,NA,NA,NA,NA,NA,178.84,178.84
2014,D,SI,2.B.2 - Producción de ácido nítrico,NA,NA,NA,2.56,NA,NA,NA,NA,NA,NA,NA,NA,3.41,NA,NA,NA,NA,NA,NA,793.80,NA,NA,NA,NA,NA,NA,NA,NA,NA,793.80,793.80
2014,X,SI,2.B.3 - Producción de ácido adípico,NA,NA,NA,NO,NA,NA,NA,NA,NA,NA,NA,NA,NA,NA,NA,NA,NA,NA,NA,NO,NA,NA,NA,NA,NA,NA,NA,NA,NA,NO,NO
2014,D,SI,2.B.4 - Producción de caprolactama. glioxil y ácido glioxílico,NA,NA,NA,NO,NA,NA,NA,NA,NA,NA,NA,NA,NA,NA,NA,NA,NA,NA,NA,NO,NA,NA,NA,NA,NA,NA,NA,NA,NA,NO,NO
2014,X,SI,2.B.5 - Producción de carburo,NA,NO,NO,NA,NA,NA,NA,NA,NA,NA,NA,NA,NA,NA,NA,NA,NA,NO,NO,NA,NA,NA,NA,NA,NA,NA,NA,NA,NA,NO,NO
2014,D,SI,2.B.6 - Producción de dióxido de titanio,NA,NO,NA,NA,NA,NA,NA,NA,NA,NA,NA,NA,NA,NA,NA,NA,NA,NO,NA,NA,NA,NA,NA,NA,NA,NA,NA,NA,NA,NO,NO
2014,X,SI,2.B.7 - Producción de ceniza de sosa,NA,NO,NA,NA,NA,NA,NA,NA,NA,NA,NA,NA,NA,NA,NA,NA,NA,NO,NA,NA,NA,NA,NA,NA,NA,NA,NA,NA,NA,NO,NO
2014,F,SI,2.B.8 - Producción petroquímica y de negro de humo,NA,365.88,1.01,NA,NA,NA,NA,NA,NA,NA,NA,NA,1.42E-02,3.56E-01,9.64,1.67,NA,365.88,21.14,NA,NA,NA,NA,NA,NA,NA,NA,NA,NA,387.02,387.02
2014,X,SI,2B8a Metanol,NA,NA,NA,NA,NA,NA,NA,NA,NA,NA,NA,NA,NA,NA,NA,NA,NA,NA,NA,NA,NA,NA,NA,NA,NA,NA,NA,NA,NA,NA,NA
2014,D,SI,2B8b Etileno,NA,173.66,1.00,NA,NA,NA,NA,NA,NA,NA,NA,NA,NA,NA,NA,NA,NA,173.66,20.94,NA,NA,NA,NA,NA,NA,NA,NA,NA,NA,194.60,194.60
2014,D,SI,2B8c Dicloruro de etileno y monómero cloruro de vinilo,NA,99.03,0.01,NA,NA,NA,NA,NA,NA,NA,NA,NA,NA,NA,NA,NA,NA,99.03,0.16,NA,NA,NA,NA,NA,NA,NA,NA,NA,NA,99.19,99.19
2014,X,SI,2B8d Óxido de etileno,NA,NA,NA,NA,NA,NA,NA,NA,NA,NA,NA,NA,NA,NA,NA,NA,NA,NA,NA,NA,NA,NA,NA,NA,NA,NA,NA,NA,NA,NA,NA
2014,X,SI,2B8e Acrilonitrilo,NA,NA,NA,NA,NA,NA,NA,NA,NA,NA,NA,NA,NA,NA,NA,NA,NA,NA,NA,NA,NA,NA,NA,NA,NA,NA,NA,NA,NA,NA,NA
2014,D,SI,2B8f Negro de humo,NA,93.19,0.00,NA,NA,NA,NA,NA,NA,NA,NA,NA,NA,NA,NA,NA,NA,93.19,0.04,NA,NA,NA,NA,NA,NA,NA,NA,NA,NA,93.23,93.23
2014,X,SI,2B8g Otros,NA,NA,NA,NA,NA,NA,NA,NA,NA,NA,NA,NA,NA,NA,NA,NA,NA,NA,NA,NA,NA,NA,NA,NA,NA,NA,NA,NA,NA,NA,NA
2014,X,SI,2.B.9 - Producción fluoroquímica,NA,NA,NA,NA,NA,NA,NA,NA,NA,NA,NA,NA,NA,NA,NA,NA,NA,NA,NA,NA,NA,NA,NA,NA,NA,NA,NA,NA,NA,NA,NA
2014,X,SI,2B9a Emisiones de productos derivados,NA,NA,NA,NA,NA,NA,NA,NA,NA,NA,NA,NA,NA,NA,NA,NA,NA,NA,NA,NA,NA,NA,NA,NA,NA,NA,NA,NA,NA,NA,NA
2014,X,SI,2B9b Emisiones fugitivas,NA,NA,NA,NA,NA,NA,NA,NA,NA,NA,NA,NA,NA,NA,NA,NA,NA,NA,NA,NA,NA,NA,NA,NA,NA,NA,NA,NA,NA,NA,NA
2014,X,SI,2.B.10 - Otros,NA,NA,NA,NA,NA,NA,NA,NA,NA,NA,NA,NA,NA,NA,NA,NA,NA,NA,NA,NA,NA,NA,NA,NA,NA,NA,NA,NA,NA,NA,NA
2014,F,SI,2.C - Industria de los metales,NA,"1,563.56",2.63E-02,NA,NA,NA,NO,NA,NA,NA,NO,NO,4.83E-02,1.21E-03,3.62E-02,5.44E-02,NA,"1,563.56",0.55,NA,NA,NA,NO,NA,NA,NA,NO,NO,NA,"1,564.11","1,564.11"
2014,D,SI,2.C.1 - Producción de hierro y acero,NA,698.18,2.63E-02,NA,NA,NA,NA,NA,NA,NA,NA,NA,4.83E-02,1.21E-03,3.62E-02,5.44E-02,NA,698.18,5.52E-01,NA,NA,NA,NA,NA,NA,NA,NA,NA,NA,698.73,698.73
2014,D,SI,2.C.2 - Producción de ferroaleaciones,NA,865.38,NA,NA,NA,NA,NA,NA,NA,NA,NA,NA,NA,NA,NA,NA,NA,865.38,NA,NA,NA,NA,NA,NA,NA,NA,NA,NA,NA,865.38,865.38
2014,X,SI,2.C.3 - Producción de aluminio,NA,NO,NA,NA,NA,NA,NA,NA,NA,NA,NO,NA,NA,NA,NA,NA,NA,NO,NA,NA,NA,NA,NA,NA,NA,NA,NA,NA,NA,NO,NO
2014,X,SI,2.C.4 - Producción de magnesio,NA,NO,NA,NA,NA,NA,NO,NA,NA,NA,NA,NO,NA,NA,NA,NA,NA,NO,NA,NA,NA,NA,NO,NA,NA,NA,NA,NO,NA,NO,NO
2014,X,SI,2.C.5 - Producción de plomo,NA,NE,NA,NA,NA,NA,NA,NA,NA,NA,NA,NA,NA,NA,NA,NA,NA,NE,NA,NA,NA,NA,NA,NA,NA,NA,NA,NA,NA,NE,NE
2014,X,SI,2.C.6 - Producción de zinc,NA,NO,NA,NA,NA,NA,NA,NA,NA,NA,NA,NA,NA,NA,NA,NA,NA,NO,NA,NA,NA,NA,NA,NA,NA,NA,NA,NA,NA,NO,NO
2014,X,SI,2.C.7 - Otros,NA,NA,NA,NA,NA,NA,NA,NA,NA,NA,NA,NA,NA,NA,NA,NA,NA,NA,NA,NA,NA,NA,NA,NA,NA,NA,NA,NA,NA,NA,NA
2014,F,SI,2.D - Uso  de productos no energéticos de combustibles y de solvente,NA,21.41,NA,NA,NA,NA,NA,NA,NA,NA,NA,NA,NA,NA,36.75,NA,NA,21.41,NA,NA,NA,NA,NA,NA,NA,NA,NA,NA,NA,21.41,21.41
2014,D,SI,2.D.1 - Uso de lubricantes,NA,3.41E-01,NA,NA,NA,NA,NA,NA,NA,NA,NA,NA,NA,NA,NA,NA,NA,0.34,NA,NA,NA,NA,NA,NA,NA,NA,NA,NA,NA,3.41E-01,3.41E-01
2014,D,SI,2.D.2 - Uso de cera de parafina,NA,21.07,NA,NA,NA,NA,NA,NA,NA,NA,NA,NA,NA,NA,NA,NA,NA,21.07,NA,NA,NA,NA,NA,NA,NA,NA,NA,NA,NA,21.07,21.07
2014,D,SI,2.D.3 - Uso de solventes,NA,NA,NA,NA,NA,NA,NA,NA,NA,NA,NA,NA,NA,NA,36.75,NA,NA,NA,NA,NA,NA,NA,NA,NA,NA,NA,NA,NA,NA,NA,NA
2014,D,SI,2.D.4 - Otros,NA,NA,NA,NA,NA,NA,NA,NA,NA,NA,NA,NA,NA,NA,NA,NA,NA,NA,NA,NA,NA,NA,NA,NA,NA,NA,NA,NA,NA,NA,NA
2014,X,SI,2.E - Industria electrónica,NA,NA,NA,NA,NA,NA,NA,NA,NA,NA,NA,NO,NA,NA,NA,NA,NA,NA,NA,NA,NA,NA,NA,NA,NA,NA,NA,NO,NA,NO,NO
2014,X,SI,2.E.1 - Circuitos integrados o semiconductores,NA,NA,NA,NA,NA,NA,NA,NA,NA,NA,NA,NO,NA,NA,NA,NA,NA,NA,NA,NA,NA,NA,NA,NA,NA,NA,NA,NA,NA,NO,NO
2014,X,SI,2.E.2 - Pantalla plana tipo TFT,NA,NA,NA,NA,NA,NA,NA,NA,NA,NA,NA,NO,NA,NA,NA,NA,NA,NA,NA,NA,NA,NA,NA,NA,NA,NA,NA,NA,NA,NO,NO
2014,X,SI,2.E.3 - Celdas fotovoltaícas,NA,NA,NA,NA,NA,NA,NA,NA,NA,NA,NA,NO,NA,NA,NA,NA,NA,NA,NA,NA,NA,NA,NA,NA,NA,NA,NA,NA,NA,NO,NO
2014,X,SI,2.E.4 - Fluídos de transferencia térmica,NA,NA,NA,NA,NA,NA,NA,NA,NA,NA,NA,NO,NA,NA,NA,NA,NA,NA,NA,NA,NA,NA,NA,NA,NA,NA,NA,NA,NA,NO,NO
2014,X,SI,2.E.5 - Otros,NA,NA,NA,NA,NA,NA,NA,NA,NA,NA,NA,NO,NA,NA,NA,NA,NA,NA,NA,NA,NA,NA,NA,NA,NA,NA,NA,NA,NA,NO,NO
2014,F,SI,2.F - Uso de productos sustitutos de las sustancias que agotan la capa de ozono,NA,NA,NA,NA,3.29E-02,1.16E-01,9.63E-01,7.60E-02,6.52E-03,6.06E-04,NA,NA,NA,NA,NA,NA,NA,NA,NA,NA,21.40,326.00,"1,251.70",288.96,0.91,1.76,NA,NA,NA,"1,890.73","1,890.73"
2014,F,SI,2.F.1 - Refrigeración y aire acondicionado,NA,NA,NA,NA,3.29E-02,1.16E-01,7.49E-01,7.60E-02,NO,NO,NA,NA,NA,NA,NA,NA,NA,NA,NA,NA,21.40,324.98,973.24,288.96,NO,NO,NA,NA,NA,"1,608.57","1,608.57"
2014,F,SI,2F1a Refrigeración y  aire acondicionado estacionario,NA,NA,NA,NA,3.29E-02,1.16E-01,5.58E-01,7.56E-02,NO,NO,NA,NA,NA,NA,NA,NA,NA,NA,NA,NA,21.40,323.68,726.04,287.22,NO,NO,NA,NA,NA,"1,358.33","1,358.33"
2014,D,SI,2F1ai Refrigeración y  aire acondicionado estacionario - industria manufacturera,NA,NA,NA,NA,2.30E-04,1.36E-02,6.59E-02,1.48E-02,NO,NO,NA,NA,NA,NA,NA,NA,NA,NA,NA,NA,1.50E-01,38.02,85.64,56.35,NO,NO,NA,NA,NA,180.16,180.16
2014,D,SI,2F1aii Refrigeración y  aire acondicionado estacionario - residencial,NA,NA,NA,NA,1.65E-02,2.19E-02,9.58E-02,NO,NO,NO,NA,NA,NA,NA,NA,NA,NA,NA,NA,NA,10.72,61.42,124.57,NO,NO,NO,NA,NA,NA,196.72,196.72
2014,D,SI,2F1aii Refrigeración y  aire acondicionado estacionario - comercial,NA,NA,NA,NA,1.62E-02,8.01E-02,3.97E-01,6.08E-02,NO,NO,NA,NA,NA,NA,NA,NA,NA,NA,NA,NA,10.53,224.24,515.82,230.88,NO,NO,NA,NA,NA,981.46,981.46
2014,X,SI,2F1b Aire acondicionado móvil,NA,NA,NA,NA,NO,4.64E-04,1.90E-01,4.56E-04,NO,NO,NA,NA,NA,NA,NA,NA,NA,NA,NA,NA,NO,1.30,247.20,1.73,NO,NO,NA,NA,NA,250.24,250.24
2014,D,SI,2F1bi Refrigeración movil (transporte refrigerado) - industria manufacturera,NA,NA,NA,NA,NO,3.48E-04,7.49E-04,4.56E-04,NO,NO,NA,NA,NA,NA,NA,NA,NA,NA,NA,NA,NO,0.97,0.97,1.73,NO,NO,NA,NA,NA,3.68,3.68
2014,D,SI,2F1bii Aire acondicionado móvil,NA,NA,NA,NA,NO,1.16E-04,1.89E-01,NO,NO,NO,NA,NA,NA,NA,NA,NA,NA,NA,NA,NA,NO,0.32,246.23,NO,NO,NO,NA,NA,NA,246.55,246.55
2014,X,SI,2.F.2 - Agentes espumantes,NA,NA,NA,NA,NA,NA,NO,NA,NO,NO,NA,NA,NA,NA,NA,NA,NA,NA,NA,NA,NA,NA,NO,NA,NO,NO,NA,NA,NA,NO,NO
2014,D,SI,2.F.3 - Protección contra incendios,NA,NA,NA,NA,NA,3.66E-04,NO,NA,NA,6.06E-04,NO,NA,NA,NA,NA,NA,NA,NA,NA,NA,NA,1.02E+00,NO,NA,NA,1.76,NO,NA,NA,2.78,2.78
2014,D,SI,2.F.4 - Aerosoles,NA,NA,NA,NA,NA,NA,1.17E-01,NA,NO,NO,NA,NA,NA,NA,NA,NA,NA,NA,NA,NA,NA,NA,151.46,NA,NO,NO,NA,NA,NA,151.46,151.46
2014,D,SI,2.F.5 - Solventes,NA,NA,NA,NA,NA,NA,9.77E-02,NA,NA,NA,NO,NA,NA,NA,NA,NA,NA,NA,NA,NA,NA,NA,127.00,NA,NA,NA,NO,NA,NA,127.00,127.00
2014,X,SI,2.F.6 - Otras aplicaciones,NA,NA,NA,NA,NA,NA,NO,NA,0.01,NO,NA,NA,NA,NA,NA,NA,NA,NA,NA,NA,NA,NA,NO,NA,9.13E-01,NO,NA,NA,NA,9.13E-01,9.13E-01
2014,F,SI,2.G - Manufactura y utilización de otros productos,NA,NA,NA,NE,NA,NA,NA,NA,NA,NA,NE,6.55E-03,NA,NA,NA,NA,NA,NA,NA,NE,NA,NA,NA,NA,NA,NA,NE,156.64,NA,156.64,156.64
2014,F,SI,2.G.1 - Equipos eléctricos,NA,NA,NA,NA,NA,NA,NA,NA,NA,NA,NA,6.55E-03,NA,NA,NA,NA,NA,NA,NA,NA,NA,NA,NA,NA,NA,NA,NA,156.64,NA,156.64,156.64
2014,X,SI,2G1a Manufactura de equipos eléctricos,NA,NA,NA,NA,NA,NA,NA,NA,NA,NA,NA,NA,NA,NA,NA,NA,NA,NA,NA,NA,NA,NA,NA,NA,NA,NA,NA,NA,NA,NA,NA
2014,X,SI,2G1b Uso de equipos eléctricos,NA,NA,NA,NA,NA,NA,NA,NA,NA,NA,NA,0.01,NA,NA,NA,NA,NA,NA,NA,NA,NA,NA,NA,NA,NA,NA,NA,156.64,NA,156.64,156.64
2014,X,SI,2G1c Eliminación de equipos eléctricos,NA,NA,NA,NA,NA,NA,NA,NA,NA,NA,NA,NA,NA,NA,NA,NA,NA,NA,NA,NA,NA,NA,NA,NA,NA,NA,NA,NA,NA,NA,NA
2014,X,SI,2.G.2 - SF6 y PFCs de otros usos de productos,NA,NA,NA,NA,NA,NA,NA,NA,NA,NA,NE,NE,NA,NA,NA,NA,NA,NA,NA,NA,NA,NA,NA,NA,NA,NA,NE,NE,NA,NE,NE
2014,X,SI,2G2a Aplicaciones militares,NA,NA,NA,NA,NA,NA,NA,NA,NA,NA,NA,NA,NA,NA,NA,NA,NA,NA,NA,NA,NA,NA,NA,NA,NA,NA,NA,NA,NA,NA,NA
2014,X,SI,2G2b Aceleradores,NA,NA,NA,NA,NA,NA,NA,NA,NA,NA,NA,NA,NA,NA,NA,NA,NA,NA,NA,NA,NA,NA,NA,NA,NA,NA,NA,NA,NA,NA,NA
2014,X,SI,2G2c Otros (especificar),NA,NA,NA,NA,NA,NA,NA,NA,NA,NA,NA,NA,NA,NA,NA,NA,NA,NA,NA,NA,NA,NA,NA,NA,NA,NA,NA,NA,NA,NA,NA
2014,X,SI,2.G.3 - N2O de usos de productos,NA,NA,NA,NE,NA,NA,NA,NA,NA,NA,NA,NA,NA,NA,NA,NA,NA,NA,NA,NE,NA,NA,NA,NA,NA,NA,NA,NA,NA,NE,NE
2014,X,SI,2G3a Aplicaciones médicas,NA,NA,NA,NA,NA,NA,NA,NA,NA,NA,NA,NA,NA,NA,NA,NA,NA,NA,NA,NA,NA,NA,NA,NA,NA,NA,NA,NA,NA,NA,NA
2014,X,SI,2G3b Propulsor para productos presurizados y aerosoles,NA,NA,NA,NA,NA,NA,NA,NA,NA,NA,NA,NA,NA,NA,NA,NA,NA,NA,NA,NA,NA,NA,NA,NA,NA,NA,NA,NA,NA,NA,NA
2014,X,SI,2G3c Otros (especificar,NA,NA,NA,NA,NA,NA,NA,NA,NA,NA,NA,NA,NA,NA,NA,NA,NA,NA,NA,NA,NA,NA,NA,NA,NA,NA,NA,NA,NA,NA,NA
2014,D,SI,2.G.4 - Otros,NA,NA,NA,NA,NA,NA,NA,NA,NA,NA,NA,NA,NA,NA,NA,NA,NA,NA,NA,NA,NA,NA,NA,NA,NA,NA,NA,NA,NA,NA,NA
2014,X,SI,2.H - Otros,NA,NA,NA,NA,NA,NA,NA,NA,NA,NA,NA,NA,NE,NE,48.73,2.17,NA,NA,NA,NA,NA,NA,NA,NA,NA,NA,NA,NA,NA,NA,NA
2014,D,SI,2.H.1 - Industria de pulpa y el papel,NA,NA,NA,NA,NA,NA,NA,NA,NA,NA,NA,NA,NE,NE,NA,2.17,NA,NA,NA,NA,NA,NA,NA,NA,NA,NA,NA,NA,NA,NA,NA
2014,D,SI,2.H.2 -  Industria de la alimentación y bebidas,NA,NA,NA,NA,NA,NA,NA,NA,NA,NA,NA,NA,NA,NA,48.73,NA,NA,NA,NA,NA,NA,NA,NA,NA,NA,NA,NA,NA,NA,NA,NA
2014,X,SI,2.H.3 - Otros,NA,NA,NA,NA,NA,NA,NA,NA,NA,NA,NA,NA,NA,NA,NA,NA,NA,NA,NA,NA,NA,NA,NA,NA,NA,NA,NA,NA,NA,NA,NA
2014,F,SI,3 - Agricultura. Silvicultura. y Otros Usos de la Tierra,"-22,658.77","86,356.30","1,096.34",64.94,NA,NA,NA,NA,NA,NA,NA,NA,25.36,"1,150.91",NA,NA,"-22,658.77","86,356.30","23,023.12","20,132.67",NA,NA,NA,NA,NA,NA,NA,NA,"-22,658.77","129,512.09","106,853.31"
2014,F,SI,3.A - Ganadería,NE,NA,"1,036.20",3.43,NA,NA,NA,NA,NA,NA,NA,NA,NA,NA,NA,NA,NA,NA,"21,760.30","1,062.82",NA,NA,NA,NA,NA,NA,NA,NA,NE,"22,823.11","22,823.11"
2014,F,SI,3.A.1 - Fermentación entérica,NE,NA,982.14,NA,NA,NA,NA,NA,NA,NA,NA,NA,NA,NA,NA,NA,NA,NA,"20,625.00",NA,NA,NA,NA,NA,NA,NA,NA,NA,NE,"20,625.00","20,625.00"
2014,F,SI,3A1a Total Ganado Bovino,NE,NA,940.05,NA,NA,NA,NA,NA,NA,NA,NA,NA,NA,NA,NA,NA,NA,NA,"19,741.00",NA,NA,NA,NA,NA,NA,NA,NA,NA,NE,"19,741.00","19,741.00"
2014,D,SI,3A1ai Ganado Bovino Vacas de Alta Produccion,NE,NA,38.24,NA,NA,NA,NA,NA,NA,NA,NA,NA,NA,NA,NA,NA,NA,NA,803.00,NA,NA,NA,NA,NA,NA,NA,NA,NA,NE,803.00,803.00
2014,D,SI,3A1aii Ganado Bovino Vacas de Baja Produccion,NE,NA,165.14,NA,NA,NA,NA,NA,NA,NA,NA,NA,NA,NA,NA,NA,NA,NA,"3,468.00",NA,NA,NA,NA,NA,NA,NA,NA,NA,NE,"3,468.00","3,468.00"
2014,D,SI,3A1aiii Ganado Bovino Vacas para produccion de carne,NE,NA,290.43,NA,NA,NA,NA,NA,NA,NA,NA,NA,NA,NA,NA,NA,NA,NA,"6,099.00",NA,NA,NA,NA,NA,NA,NA,NA,NA,NE,"6,099.00","6,099.00"
2014,D,SI,3A1aiv Ganado Bovino Toros utilizados con fines reproductivos,NE,NA,57.52,NA,NA,NA,NA,NA,NA,NA,NA,NA,NA,NA,NA,NA,NA,NA,"1,208.00",NA,NA,NA,NA,NA,NA,NA,NA,NA,NE,"1,208.00","1,208.00"
2014,D,SI,3A1av Ganado Bovino Terneros pre-destetos,NE,NA,53.52,NA,NA,NA,NA,NA,NA,NA,NA,NA,NA,NA,NA,NA,NA,NA,"1,124.00",NA,NA,NA,NA,NA,NA,NA,NA,NA,NE,"1,124.00","1,124.00"
2014,D,SI,3A1avi Ganado Bovino Terneras de remplazo,NE,NA,90.76,NA,NA,NA,NA,NA,NA,NA,NA,NA,NA,NA,NA,NA,NA,NA,"1,906.00",NA,NA,NA,NA,NA,NA,NA,NA,NA,NE,"1,906.00","1,906.00"
2014,D,SI,3A1avii Ganado Bovino Ganado de engorde,NE,NA,244.43,NA,NA,NA,NA,NA,NA,NA,NA,NA,NA,NA,NA,NA,NA,NA,"5,133.00",NA,NA,NA,NA,NA,NA,NA,NA,NA,NE,"5,133.00","5,133.00"
2014,D,SI,3A1b Búfalos,NE,NA,9.67,NA,NA,NA,NA,NA,NA,NA,NA,NA,NA,NA,NA,NA,NA,NA,203.00,NA,NA,NA,NA,NA,NA,NA,NA,NA,NE,203.00,203.00
2014,D,SI,3A1c Ovinos,NE,NA,3.90,NA,NA,NA,NA,NA,NA,NA,NA,NA,NA,NA,NA,NA,NA,NA,82.00,NA,NA,NA,NA,NA,NA,NA,NA,NA,NE,82.00,82.00
2014,D,SI,3A1d Caprinos,NE,NA,3.76,NA,NA,NA,NA,NA,NA,NA,NA,NA,NA,NA,NA,NA,NA,NA,79.00,NA,NA,NA,NA,NA,NA,NA,NA,NA,NE,79.00,79.00
2014,X,SI,3A1e Camellos,NE,NA,NO,NA,NA,NA,NA,NA,NA,NA,NA,NA,NA,NA,NA,NA,NA,NA,NO,NA,NA,NA,NA,NA,NA,NA,NA,NA,NE,NA,NA
2014,D,SI,3A1f Caballos,NE,NA,21.81,NA,NA,NA,NA,NA,NA,NA,NA,NA,NA,NA,NA,NA,NA,NA,458.00,NA,NA,NA,NA,NA,NA,NA,NA,NA,NE,458.00,458.00
2014,D,SI,3A1g Mulas y asnos,NE,NA,0.00,NA,NA,NA,NA,NA,NA,NA,NA,NA,NA,NA,NA,NA,NA,NA,NE,NA,NA,NA,NA,NA,NA,NA,NA,NA,NE,0.00,0.00
2014,F,SI,3A1h Porcinos,NE,NA,2.95,NA,NA,NA,NA,NA,NA,NA,NA,NA,NA,NA,NA,NA,NA,NA,62.00,NA,NA,NA,NA,NA,NA,NA,NA,NA,NE,62.00,62.00
2014,D,SI,3A1hi Porcinos < 6 meses,NE,NA,1.24,NA,NA,NA,NA,NA,NA,NA,NA,NA,NA,NA,NA,NA,NA,NA,26.00,NA,NA,NA,NA,NA,NA,NA,NA,NA,NE,26.00,26.00
2014,D,SI,3A1hii Porcinos > 6 meses,NE,NA,1.71,NA,NA,NA,NA,NA,NA,NA,NA,NA,NA,NA,NA,NA,NA,NA,36.00,NA,NA,NA,NA,NA,NA,NA,NA,NA,NE,36.00,36.00
2014,X,SI,3A1j Otros,NE,NA,0.00,NA,NA,NA,NA,NA,NA,NA,NA,NA,NA,NA,NA,NA,NA,NA,NA,NA,NA,NA,NA,NA,NA,NA,NA,NA,NE,0.00,0.00
2014,F,SI,3.A.2 - Gestión de estiércol,NE,NA,54.06,3.43,NA,NA,NA,NA,NA,NA,NA,NA,NA,NA,NA,NA,NA,NA,"1,135.30","1,062.82",NA,NA,NA,NA,NA,NA,NA,NA,NE,"2,198.11","2,198.11"
2014,F,SI,3A2a Total Ganado Bovino,NE,NA,22.49,0.79,NA,NA,NA,NA,NA,NA,NA,NA,NA,NA,NA,NA,NA,NA,472.27,243.82,NA,NA,NA,NA,NA,NA,NA,NA,NE,716.08,716.08
2014,D,SI,3A2ai Ganado Bovino Vacas de Alta Produccion,NE,NA,0.46,0.00,NA,NA,NA,NA,NA,NA,NA,NA,NA,NA,NA,NA,NA,NA,9.56,0.00,NA,NA,NA,NA,NA,NA,NA,NA,NE,9.56,9.56
2014,D,SI,3A2aii Ganado Bovino Vacas de Baja Produccion,NE,NA,3.18,0.18,NA,NA,NA,NA,NA,NA,NA,NA,NA,NA,NA,NA,NA,NA,66.84,56.09,NA,NA,NA,NA,NA,NA,NA,NA,NE,122.92,122.92
2014,D,SI,3A2aiii Ganado Bovino Vacas para produccion de carne,NE,NA,6.18,0.26,NA,NA,NA,NA,NA,NA,NA,NA,NA,NA,NA,NA,NA,NA,129.74,80.65,NA,NA,NA,NA,NA,NA,NA,NA,NE,210.39,210.39
2014,D,SI,3A2aiv Ganado Bovino Toros utilizados con fines reproductivos,NE,NA,0.77,0.05,NA,NA,NA,NA,NA,NA,NA,NA,NA,NA,NA,NA,NA,NA,16.19,14.83,NA,NA,NA,NA,NA,NA,NA,NA,NE,31.02,31.02
2014,D,SI,3A2av Ganado Bovino Terneros pre-destetos,NE,NA,3.90,0.04,NA,NA,NA,NA,NA,NA,NA,NA,NA,NA,NA,NA,NA,NA,81.89,10.89,NA,NA,NA,NA,NA,NA,NA,NA,NE,92.78,92.78
2014,D,SI,3A2avi Ganado Bovino Terneras de remplazo,NE,NA,2.63,0.08,NA,NA,NA,NA,NA,NA,NA,NA,NA,NA,NA,NA,NA,NA,55.29,25.98,NA,NA,NA,NA,NA,NA,NA,NA,NE,81.27,81.27
2014,D,SI,3A2avii Ganado Bovino Ganado de engorde,NE,NA,5.37,0.18,NA,NA,NA,NA,NA,NA,NA,NA,NA,NA,NA,NA,NA,NA,112.76,55.39,NA,NA,NA,NA,NA,NA,NA,NA,NE,168.15,168.15
2014,D,SI,3A2b Búfalos,NE,NA,0.18,0.01,NA,NA,NA,NA,NA,NA,NA,NA,NA,NA,NA,NA,NA,NA,3.69,1.90,NA,NA,NA,NA,NA,NA,NA,NA,NE,5.58,5.58
2014,D,SI,3A2c Ovinos,NE,NA,0.08,0.01,NA,NA,NA,NA,NA,NA,NA,NA,NA,NA,NA,NA,NA,NA,1.63,2.26,NA,NA,NA,NA,NA,NA,NA,NA,NE,3.90,3.90
2014,D,SI,3A2d Caprinos,NE,NA,0.17,0.01,NA,NA,NA,NA,NA,NA,NA,NA,NA,NA,NA,NA,NA,NA,3.48,2.76,NA,NA,NA,NA,NA,NA,NA,NA,NE,6.24,6.24
2014,D,SI,3A2e Camellos,NE,NA,NO,NO,NA,NA,NA,NA,NA,NA,NA,NA,NA,NA,NA,NA,NA,NA,NO,NO,NA,NA,NA,NA,NA,NA,NA,NA,NE,NA,NA
2014,D,SI,3A2f Caballos,NE,NA,1.99,0.14,NA,NA,NA,NA,NA,NA,NA,NA,NA,NA,NA,NA,NA,NA,41.74,44.45,NA,NA,NA,NA,NA,NA,NA,NA,NE,86.19,86.19
2014,D,SI,3A2g Mulas y asnos,NE,NA,0.00,0.00,NA,NA,NA,NA,NA,NA,NA,NA,NA,NA,NA,NA,NA,NA,0.00,0.00,NA,NA,NA,NA,NA,NA,NA,NA,NE,0.00,0.00
2014,F,SI,3A2h Porcinos,NE,NA,2.98,0.97,NA,NA,NA,NA,NA,NA,NA,NA,NA,NA,NA,NA,NA,NA,62.61,300.54,NA,NA,NA,NA,NA,NA,NA,NA,NE,363.16,363.16
2014,D,SI,3A2hi Porcinos < 6 meses,NE,NA,1.26,0.37,NA,NA,NA,NA,NA,NA,NA,NA,NA,NA,NA,NA,NA,NA,26.37,114.85,NA,NA,NA,NA,NA,NA,NA,NA,NE,141.22,141.22
2014,D,SI,3A2hii Porcinos > 6 meses,NE,NA,1.73,0.60,NA,NA,NA,NA,NA,NA,NA,NA,NA,NA,NA,NA,NA,NA,36.24,185.69,NA,NA,NA,NA,NA,NA,NA,NA,NE,221.94,221.94
2014,D,SI,3A2j Otros,NE,NA,26.18,1.51,NA,NA,NA,NA,NA,NA,NA,NA,NA,NA,NA,NA,NA,NA,549.88,467.09,NA,NA,NA,NA,NA,NA,NA,NA,NE,"1,016.96","1,016.96"
2014,F,SI,3.B - Tierra,"-22,658.77","86,356.30",0.11,NA,NA,NA,NA,NA,NA,NA,NA,NA,NA,NA,NA,NA,"-22,658.77","86,356.30",2.32,NA,NA,NA,NA,NA,NA,NA,NA,NA,"-22,658.77","86,358.62","63,699.85"
2014,F,SI,3.B.1 - Tierras forestales,"-15,602.55","40,844.40",NA,NA,NA,NA,NA,NA,NA,NA,NA,NA,NA,NA,NA,NA,"-15,602.55","40,844.40",NA,NA,NA,NA,NA,NA,NA,NA,NA,NA,"-15,602.55","40,844.40","25,241.85"
2014,F,SI,3B1a Tierras forestales que permanecen como tales,"-12,655.64","40,844.40",NA,NA,NA,NA,NA,NA,NA,NA,NA,NA,NA,NA,NA,NA,"-12,655.64","40,844.40",NA,NA,NA,NA,NA,NA,NA,NA,NA,NA,"-12,655.64","40,844.40","28,188.75"
2014,F,SI,3B1ai Tierras forestales que permanecen como tales(Bosque natural),0.00,"15,508.15",NA,NA,NA,NA,NA,NA,NA,NA,NA,NA,NA,NA,NA,NA,NE,"15,508.15",NA,NA,NA,NA,NA,NA,NA,NA,NA,NA,0.00,"15,508.15","15,508.15"
2014,D,SI,Biomasa,0.00,"13,965.96",NA,NA,NA,NA,NA,NA,NA,NA,NA,NA,NA,NA,NA,NA,NE,"13,965.96",NA,NA,NA,NA,NA,NA,NA,NA,NA,NA,0.00,"13,965.96","13,965.96"
2014,X,SI,MOM,NE,NE,NA,NA,NA,NA,NA,NA,NA,NA,NA,NA,NA,NA,NA,NA,NE,NE,NA,NA,NA,NA,NA,NA,NA,NA,NA,NA,NE,NA,NA
2014,D,SI,Suelos,NE,"1,542.19",NA,NA,NA,NA,NA,NA,NA,NA,NA,NA,NA,NA,NA,NA,NE,"1,542.19",NA,NA,NA,NA,NA,NA,NA,NA,NA,NA,NE,"1,542.19","1,542.19"
2014,F,SI,3B1aii Tierras forestales que permanecen como tales (Stock Change),-931.90,"21,723.02",NA,NA,NA,NA,NA,NA,NA,NA,NA,NA,NA,NA,NA,NA,-931.90,"21,723.02",NA,NA,NA,NA,NA,NA,NA,NA,NA,NA,-931.90,"21,723.02","20,791.12"
2014,D,SI,Biomasa,-931.90,"21,723.02",NA,NA,NA,NA,NA,NA,NA,NA,NA,NA,NA,NA,NA,NA,-931.90,"21,723.02",NA,NA,NA,NA,NA,NA,NA,NA,NA,NA,-931.90,"21,723.02","20,791.12"
2014,X,SI,MOM,NE,NE,NA,NA,NA,NA,NA,NA,NA,NA,NA,NA,NA,NA,NA,NA,NE,NE,NA,NA,NA,NA,NA,NA,NA,NA,NA,NA,NE,NA,NA
2014,D,SI,Suelos,0.00,0.00,NA,NA,NA,NA,NA,NA,NA,NA,NA,NA,NA,NA,NA,NA,NE,NE,NA,NA,NA,NA,NA,NA,NA,NA,NA,NA,0.00,0.00,0.00
2014,F,SI,3B1aiii Tierras forestales que permanecen como tales (Plantaciones),"-11,723.75","3,613.23",NA,NA,NA,NA,NA,NA,NA,NA,NA,NA,NA,NA,NA,NA,"-11,723.75","3,613.23",NA,NA,NA,NA,NA,NA,NA,NA,NA,NA,"-11,723.75","3,613.23","-8,110.51"
2014,D,SI,Biomasa,"-11,723.75","3,613.23",NA,NA,NA,NA,NA,NA,NA,NA,NA,NA,NA,NA,NA,NA,"-11,723.75","3,613.23",NA,NA,NA,NA,NA,NA,NA,NA,NA,NA,"-11,723.75","3,613.23","-8,110.51"
2014,X,SI,MOM,NE,NE,NA,NA,NA,NA,NA,NA,NA,NA,NA,NA,NA,NA,NA,NA,NE,NE,NA,NA,NA,NA,NA,NA,NA,NA,NA,NA,NE,NA,NA
2014,X,SI,Suelos,NE,NE,NA,NA,NA,NA,NA,NA,NA,NA,NA,NA,NA,NA,NA,NA,NE,NE,NA,NA,NA,NA,NA,NA,NA,NA,NA,NA,NE,NA,NA
2014,F,SI,3B1b Tierras convertidas en tierras forestales,"-2,946.90",NA,NA,NA,NA,NA,NA,NA,NA,NA,NA,NA,NA,NA,NA,NA,"-2,946.90",NA,NA,NA,NA,NA,NA,NA,NA,NA,NA,NA,"-2,946.90",NA,"-2,946.90"
2014,F,SI,3B1bi Tierras de cultivo convertidas en tierras forestales,-724.37,NA,NA,NA,NA,NA,NA,NA,NA,NA,NA,NA,NA,NA,NA,NA,-724.37,NA,NA,NA,NA,NA,NA,NA,NA,NA,NA,NA,-724.37,NA,-724.37
2014,D,SI,Biomasa,-515.08,NA,NA,NA,NA,NA,NA,NA,NA,NA,NA,NA,NA,NA,NA,NA,-515.08,NA,NA,NA,NA,NA,NA,NA,NA,NA,NA,NA,-515.08,NA,-515.08
2014,D,SI,MOM,-10.90,NA,NA,NA,NA,NA,NA,NA,NA,NA,NA,NA,NA,NA,NA,NA,-10.90,NA,NA,NA,NA,NA,NA,NA,NA,NA,NA,NA,-10.90,NA,-10.90
2014,D,SI,Suelos,-198.39,NA,NA,NA,NA,NA,NA,NA,NA,NA,NA,NA,NA,NA,NA,NA,-198.39,NA,NA,NA,NA,NA,NA,NA,NA,NA,NA,NA,-198.39,NA,-198.39
2014,F,SI,3B1bii Pastizales convertidos en tierras forestales,"-2,088.84",NA,NA,NA,NA,NA,NA,NA,NA,NA,NA,NA,NA,NA,NA,NA,"-2,088.84",NA,NA,NA,NA,NA,NA,NA,NA,NA,NA,NA,"-2,088.84",NA,"-2,088.84"
2014,D,SI,Biomasa,"-1,433.45",NA,NA,NA,NA,NA,NA,NA,NA,NA,NA,NA,NA,NA,NA,NA,"-1,433.45",NA,NA,NA,NA,NA,NA,NA,NA,NA,NA,NA,"-1,433.45",NA,"-1,433.45"
2014,D,SI,MOM,-35.04,NA,NA,NA,NA,NA,NA,NA,NA,NA,NA,NA,NA,NA,NA,NA,-35.04,NA,NA,NA,NA,NA,NA,NA,NA,NA,NA,NA,-35.04,NA,-35.04
2014,D,SI,Suelos,-620.35,NA,NA,NA,NA,NA,NA,NA,NA,NA,NA,NA,NA,NA,NA,NA,-620.35,NA,NA,NA,NA,NA,NA,NA,NA,NA,NA,NA,-620.35,NA,-620.35
2014,F,SI,3B1biii Humedales convertidos en tierras forestales,-48.07,NA,NA,NA,NA,NA,NA,NA,NA,NA,NA,NA,NA,NA,NA,NA,-48.07,NA,NA,NA,NA,NA,NA,NA,NA,NA,NA,NA,-48.07,NA,-48.07
2014,D,SI,Biomasa,-32.50,NA,NA,NA,NA,NA,NA,NA,NA,NA,NA,NA,NA,NA,NA,NA,-32.50,NA,NA,NA,NA,NA,NA,NA,NA,NA,NA,NA,-32.50,NA,-32.50
2014,D,SI,MOM,-0.74,NA,NA,NA,NA,NA,NA,NA,NA,NA,NA,NA,NA,NA,NA,NA,-0.74,NA,NA,NA,NA,NA,NA,NA,NA,NA,NA,NA,-0.74,NA,-0.74
2014,D,SI,Suelos,-14.83,NA,NA,NA,NA,NA,NA,NA,NA,NA,NA,NA,NA,NA,NA,NA,-14.83,NA,NA,NA,NA,NA,NA,NA,NA,NA,NA,NA,-14.83,NA,-14.83
2014,F,SI,3B1biv Asentamientos convertidos en tierras forestales,-47.17,NA,NA,NA,NA,NA,NA,NA,NA,NA,NA,NA,NA,NA,NA,NA,-47.17,NA,NA,NA,NA,NA,NA,NA,NA,NA,NA,NA,-47.17,NA,-47.17
2014,D,SI,Biomasa,-25.60,NA,NA,NA,NA,NA,NA,NA,NA,NA,NA,NA,NA,NA,NA,NA,-25.60,NA,NA,NA,NA,NA,NA,NA,NA,NA,NA,NA,-25.60,NA,-25.60
2014,D,SI,MOM,-0.52,NA,NA,NA,NA,NA,NA,NA,NA,NA,NA,NA,NA,NA,NA,NA,-0.52,NA,NA,NA,NA,NA,NA,NA,NA,NA,NA,NA,-0.52,NA,-0.52
2014,D,SI,Suelos,-21.05,NA,NA,NA,NA,NA,NA,NA,NA,NA,NA,NA,NA,NA,NA,NA,-21.05,NA,NA,NA,NA,NA,NA,NA,NA,NA,NA,NA,-21.05,NA,-21.05
2014,F,SI,3B1bv Otras tierras convertidas en tierras forestales,-38.44,NA,NA,NA,NA,NA,NA,NA,NA,NA,NA,NA,NA,NA,NA,NA,-38.44,NA,NA,NA,NA,NA,NA,NA,NA,NA,NA,NA,-38.44,NA,-38.44
2014,D,SI,Biomasa,-19.89,NA,NA,NA,NA,NA,NA,NA,NA,NA,NA,NA,NA,NA,NA,NA,-19.89,NA,NA,NA,NA,NA,NA,NA,NA,NA,NA,NA,-19.89,NA,-19.89
2014,D,SI,MOM,-0.44,NA,NA,NA,NA,NA,NA,NA,NA,NA,NA,NA,NA,NA,NA,NA,-0.44,NA,NA,NA,NA,NA,NA,NA,NA,NA,NA,NA,-0.44,NA,-0.44
2014,D,SI,Suelos,-18.12,NA,NA,NA,NA,NA,NA,NA,NA,NA,NA,NA,NA,NA,NA,NA,-18.12,NA,NA,NA,NA,NA,NA,NA,NA,NA,NA,NA,-18.12,NA,-18.12
2014,F,SI,3.B.2 - Tierras de cultivo,"-6,717.09","9,164.21",NA,NA,NA,NA,NA,NA,NA,NA,NA,NA,NA,NA,NA,NA,"-6,717.09","9,164.21",NA,NA,NA,NA,NA,NA,NA,NA,NA,NA,"-6,717.09","9,164.21","2,447.12"
2014,F,SI,3B2a Tierras de cultivo que permanecen como tales,"-6,717.09","5,910.62",NA,NA,NA,NA,NA,NA,NA,NA,NA,NA,NA,NA,NA,NA,"-6,717.09","5,910.62",NA,NA,NA,NA,NA,NA,NA,NA,NA,NA,"-6,717.09","5,910.62",-806.47
2014,F,SI,Biomasa,"-6,717.09","4,216.30",NA,NA,NA,NA,NA,NA,NA,NA,NA,NA,NA,NA,NA,NA,"-6,717.09","4,216.30",NA,NA,NA,NA,NA,NA,NA,NA,NA,NA,"-6,717.09","4,216.30","-2,500.80"
2014,X,SI,MOM,NE,NE,NA,NA,NA,NA,NA,NA,NA,NA,NA,NA,NA,NA,NA,NA,NE,NE,NA,NA,NA,NA,NA,NA,NA,NA,NA,NA,NE,NA,NA
2014,D,SI,Suelos,NE,"1,694.32",NA,NA,NA,NA,NA,NA,NA,NA,NA,NA,NA,NA,NA,NA,NE,"1,694.32",NA,NA,NA,NA,NA,NA,NA,NA,NA,NA,NE,"1,694.32","1,694.32"
2014,F,SI,3B2ai Cultivo de café,"-3,551.94","3,408.24",NA,NA,NA,NA,NA,NA,NA,NA,NA,NA,NA,NA,NA,NA,"-3,551.94","3,408.24",NA,NA,NA,NA,NA,NA,NA,NA,NA,NA,"-3,551.94","3,408.24",-143.70
2014,D,SI,Biomasa,"-3,551.94","3,408.24",NA,NA,NA,NA,NA,NA,NA,NA,NA,NA,NA,NA,NA,NA,"-3,551.94","3,408.24",NA,NA,NA,NA,NA,NA,NA,NA,NA,NA,"-3,551.94","3,408.24",-143.70
2014,X,SI,MOM,NE,NE,NA,NA,NA,NA,NA,NA,NA,NA,NA,NA,NA,NA,NA,NA,NE,NE,NA,NA,NA,NA,NA,NA,NA,NA,NA,NA,NE,NA,NA
2014,X,SI,Suelos,NE,IE,NA,NA,NA,NA,NA,NA,NA,NA,NA,NA,NA,NA,NA,NA,NE,IE,NA,NA,NA,NA,NA,NA,NA,NA,NA,NA,NE,NA,NA
2014,F,SI,3B2aii Palma,"-1,397.82",275.20,NA,NA,NA,NA,NA,NA,NA,NA,NA,NA,NA,NA,NA,NA,"-1,397.82",275.20,NA,NA,NA,NA,NA,NA,NA,NA,NA,NA,"-1,397.82",275.20,"-1,122.62"
2014,D,SI,Biomasa,"-1,397.82",275.20,NA,NA,NA,NA,NA,NA,NA,NA,NA,NA,NA,NA,NA,NA,"-1,397.82",275.20,NA,NA,NA,NA,NA,NA,NA,NA,NA,NA,"-1,397.82",275.20,"-1,122.62"
2014,X,SI,MOM,NE,NE,NA,NA,NA,NA,NA,NA,NA,NA,NA,NA,NA,NA,NA,NA,NE,NE,NA,NA,NA,NA,NA,NA,NA,NA,NA,NA,NE,NA,NA
2014,X,SI,Suelos,NE,IE,NA,NA,NA,NA,NA,NA,NA,NA,NA,NA,NA,NA,NA,NA,NE,IE,NA,NA,NA,NA,NA,NA,NA,NA,NA,NA,NE,NA,NA
2014,F,SI,3B2aiii Cacao,-505.08,0.00,NA,NA,NA,NA,NA,NA,NA,NA,NA,NA,NA,NA,NA,NA,-505.08,0.00,NA,NA,NA,NA,NA,NA,NA,NA,NA,NA,-505.08,0.00,-505.08
2014,D,SI,Biomasa,-505.08,0.00,NA,NA,NA,NA,NA,NA,NA,NA,NA,NA,NA,NA,NA,NA,-505.08,0.00,NA,NA,NA,NA,NA,NA,NA,NA,NA,NA,-505.08,0.00,-505.08
2014,X,SI,MOM,NE,NE,NA,NA,NA,NA,NA,NA,NA,NA,NA,NA,NA,NA,NA,NA,NE,NE,NA,NA,NA,NA,NA,NA,NA,NA,NA,NA,NE,NA,NA
2014,X,SI,Suelos,NE,IE,NA,NA,NA,NA,NA,NA,NA,NA,NA,NA,NA,NA,NA,NA,NE,IE,NA,NA,NA,NA,NA,NA,NA,NA,NA,NA,NE,NA,NA
2014,F,SI,3B2aiv Aguacate,-129.09,34.27,NA,NA,NA,NA,NA,NA,NA,NA,NA,NA,NA,NA,NA,NA,-129.09,34.27,NA,NA,NA,NA,NA,NA,NA,NA,NA,NA,-129.09,34.27,-94.82
2014,D,SI,Biomasa,-129.09,34.27,NA,NA,NA,NA,NA,NA,NA,NA,NA,NA,NA,NA,NA,NA,-129.09,34.27,NA,NA,NA,NA,NA,NA,NA,NA,NA,NA,-129.09,34.27,-94.82
2014,X,SI,MOM,NE,NE,NA,NA,NA,NA,NA,NA,NA,NA,NA,NA,NA,NA,NA,NA,NE,NE,NA,NA,NA,NA,NA,NA,NA,NA,NA,NA,NE,NA,NA
2014,X,SI,Suelos,NE,IE,NA,NA,NA,NA,NA,NA,NA,NA,NA,NA,NA,NA,NA,NA,NE,IE,NA,NA,NA,NA,NA,NA,NA,NA,NA,NA,NE,NA,NA
2014,F,SI,3B2av Caucho,-777.74,0.00,NA,NA,NA,NA,NA,NA,NA,NA,NA,NA,NA,NA,NA,NA,-777.74,0.00,NA,NA,NA,NA,NA,NA,NA,NA,NA,NA,-777.74,0.00,-777.74
2014,D,SI,Biomasa,-777.74,0.00,NA,NA,NA,NA,NA,NA,NA,NA,NA,NA,NA,NA,NA,NA,-777.74,0.00,NA,NA,NA,NA,NA,NA,NA,NA,NA,NA,-777.74,0.00,-777.74
2014,X,SI,MOM,NE,NE,NA,NA,NA,NA,NA,NA,NA,NA,NA,NA,NA,NA,NA,NA,NE,NE,NA,NA,NA,NA,NA,NA,NA,NA,NA,NA,NE,NA,NA
2014,X,SI,Suelos,NE,IE,NA,NA,NA,NA,NA,NA,NA,NA,NA,NA,NA,NA,NA,NA,NE,IE,NA,NA,NA,NA,NA,NA,NA,NA,NA,NA,NE,NA,NA
2014,F,SI,3B2avi Mango,-129.15,95.02,NA,NA,NA,NA,NA,NA,NA,NA,NA,NA,NA,NA,NA,NA,-129.15,95.02,NA,NA,NA,NA,NA,NA,NA,NA,NA,NA,-129.15,95.02,-34.12
2014,D,SI,Biomasa,-129.15,95.02,NA,NA,NA,NA,NA,NA,NA,NA,NA,NA,NA,NA,NA,NA,-129.15,95.02,NA,NA,NA,NA,NA,NA,NA,NA,NA,NA,-129.15,95.02,-34.12
2014,X,SI,MOM,NE,NE,NA,NA,NA,NA,NA,NA,NA,NA,NA,NA,NA,NA,NA,NA,NE,NE,NA,NA,NA,NA,NA,NA,NA,NA,NA,NA,NE,NA,NA
2014,X,SI,Suelos,NE,IE,NA,NA,NA,NA,NA,NA,NA,NA,NA,NA,NA,NA,NA,NA,NE,IE,NA,NA,NA,NA,NA,NA,NA,NA,NA,NA,NE,NA,NA
2014,F,SI,3B2avii Limón,-80.93,27.82,NA,NA,NA,NA,NA,NA,NA,NA,NA,NA,NA,NA,NA,NA,-80.93,27.82,NA,NA,NA,NA,NA,NA,NA,NA,NA,NA,-80.93,27.82,-53.11
2014,D,SI,Biomasa,-80.93,27.82,NA,NA,NA,NA,NA,NA,NA,NA,NA,NA,NA,NA,NA,NA,-80.93,27.82,NA,NA,NA,NA,NA,NA,NA,NA,NA,NA,-80.93,27.82,-53.11
2014,X,SI,MOM,NE,NE,NA,NA,NA,NA,NA,NA,NA,NA,NA,NA,NA,NA,NA,NA,NE,NE,NA,NA,NA,NA,NA,NA,NA,NA,NA,NA,NE,NA,NA
2014,X,SI,Suelos,NE,0.00,NA,NA,NA,NA,NA,NA,NA,NA,NA,NA,NA,NA,NA,NA,NE,NE,NA,NA,NA,NA,NA,NA,NA,NA,NA,NA,NE,0.00,0.00
2014,F,SI,3B2aviii Mandarina,-60.52,6.37,NA,NA,NA,NA,NA,NA,NA,NA,NA,NA,NA,NA,NA,NA,-60.52,6.37,NA,NA,NA,NA,NA,NA,NA,NA,NA,NA,-60.52,6.37,-54.15
2014,D,SI,Biomasa,-60.52,6.37,NA,NA,NA,NA,NA,NA,NA,NA,NA,NA,NA,NA,NA,NA,-60.52,6.37,NA,NA,NA,NA,NA,NA,NA,NA,NA,NA,-60.52,6.37,-54.15
2014,X,SI,MOM,NE,NE,NA,NA,NA,NA,NA,NA,NA,NA,NA,NA,NA,NA,NA,NA,NE,NE,NA,NA,NA,NA,NA,NA,NA,NA,NA,NA,NE,NA,NA
2014,X,SI,Suelos,NE,IE,NA,NA,NA,NA,NA,NA,NA,NA,NA,NA,NA,NA,NA,NA,NE,IE,NA,NA,NA,NA,NA,NA,NA,NA,NA,NA,NE,NA,NA
2014,F,SI,3B2aix Naranja,-77.87,28.41,NA,NA,NA,NA,NA,NA,NA,NA,NA,NA,NA,NA,NA,NA,-77.87,28.41,NA,NA,NA,NA,NA,NA,NA,NA,NA,NA,-77.87,28.41,-49.45
2014,D,SI,Biomasa,-77.87,28.41,NA,NA,NA,NA,NA,NA,NA,NA,NA,NA,NA,NA,NA,NA,-77.87,28.41,NA,NA,NA,NA,NA,NA,NA,NA,NA,NA,-77.87,28.41,-49.45
2014,X,SI,MOM,NE,NE,NA,NA,NA,NA,NA,NA,NA,NA,NA,NA,NA,NA,NA,NA,NE,NE,NA,NA,NA,NA,NA,NA,NA,NA,NA,NA,NE,NA,NA
2014,X,SI,Suelos,NE,IE,NA,NA,NA,NA,NA,NA,NA,NA,NA,NA,NA,NA,NA,NA,NE,IE,NA,NA,NA,NA,NA,NA,NA,NA,NA,NA,NE,NA,NA
2014,F,SI,3B2ax Tangelo,-6.94,61.70,NA,NA,NA,NA,NA,NA,NA,NA,NA,NA,NA,NA,NA,NA,-6.94,61.70,NA,NA,NA,NA,NA,NA,NA,NA,NA,NA,-6.94,61.70,54.76
2014,D,SI,Biomasa,-6.94,61.70,NA,NA,NA,NA,NA,NA,NA,NA,NA,NA,NA,NA,NA,NA,-6.94,61.70,NA,NA,NA,NA,NA,NA,NA,NA,NA,NA,-6.94,61.70,54.76
2014,X,SI,MOM,NE,NE,NA,NA,NA,NA,NA,NA,NA,NA,NA,NA,NA,NA,NA,NA,NE,NE,NA,NA,NA,NA,NA,NA,NA,NA,NA,NA,NE,NA,NA
2014,X,SI,Suelos,NE,NE,NA,NA,NA,NA,NA,NA,NA,NA,NA,NA,NA,NA,NA,NA,NE,NE,NA,NA,NA,NA,NA,NA,NA,NA,NA,NA,NE,NA,NA
2014,F,SI,3B2axi Otro,0.00,279.26,NA,NA,NA,NA,NA,NA,NA,NA,NA,NA,NA,NA,NA,NA,NE,279.26,NA,NA,NA,NA,NA,NA,NA,NA,NA,NA,0.00,279.26,279.26
2014,D,SI,Biomasa,0.00,279.26,NA,NA,NA,NA,NA,NA,NA,NA,NA,NA,NA,NA,NA,NA,NE,279.26,NA,NA,NA,NA,NA,NA,NA,NA,NA,NA,0.00,279.26,279.26
2014,X,SI,MOM,NE,NE,NA,NA,NA,NA,NA,NA,NA,NA,NA,NA,NA,NA,NA,NA,NE,NE,NA,NA,NA,NA,NA,NA,NA,NA,NA,NA,NE,NA,NA
2014,X,SI,Suelos,NE,NE,NA,NA,NA,NA,NA,NA,NA,NA,NA,NA,NA,NA,NA,NA,NE,NE,NA,NA,NA,NA,NA,NA,NA,NA,NA,NA,NE,NA,NA
2014,F,SI,3B2b Tierras convertidas en tierras de cultivo,NE,"3,253.59",NA,NA,NA,NA,NA,NA,NA,NA,NA,NA,NA,NA,NA,NA,NE,"3,253.59",NA,NA,NA,NA,NA,NA,NA,NA,NA,NA,NE,"3,253.59","3,253.59"
2014,F,SI,3B2bi Tierras forestales convertidas en tierras de cultivo,NA,"3,253.59",NA,NA,NA,NA,NA,NA,NA,NA,NA,NA,NA,NA,NA,NA,IE,"3,253.59",NA,NA,NA,NA,NA,NA,NA,NA,NA,NA,NA,"3,253.59","3,253.59"
2014,D,SI,Biomasa,NA,840.80,NA,NA,NA,NA,NA,NA,NA,NA,NA,NA,NA,NA,NA,NA,IE,840.80,NA,NA,NA,NA,NA,NA,NA,NA,NA,NA,NA,840.80,840.80
2014,D,SI,MOM,NA,25.54,NA,NA,NA,NA,NA,NA,NA,NA,NA,NA,NA,NA,NA,NA,IE,25.54,NA,NA,NA,NA,NA,NA,NA,NA,NA,NA,NA,25.54,25.54
2014,D,SI,Suelos,NA,"2,387.25",NA,NA,NA,NA,NA,NA,NA,NA,NA,NA,NA,NA,NA,NA,IE,"2,387.25",NA,NA,NA,NA,NA,NA,NA,NA,NA,NA,NA,"2,387.25","2,387.25"
2014,X,SI,3B2bii Pastizales convertidos en tierras de cultivo,NE,NE,NA,NA,NA,NA,NA,NA,NA,NA,NA,NA,NA,NA,NA,NA,NE,NE,NA,NA,NA,NA,NA,NA,NA,NA,NA,NA,NE,NA,NA
2014,X,SI,Biomasa,NE,NE,NA,NA,NA,NA,NA,NA,NA,NA,NA,NA,NA,NA,NA,NA,NE,NE,NA,NA,NA,NA,NA,NA,NA,NA,NA,NA,NE,NA,NA
2014,X,SI,MOM,NE,NE,NA,NA,NA,NA,NA,NA,NA,NA,NA,NA,NA,NA,NA,NA,NE,NE,NA,NA,NA,NA,NA,NA,NA,NA,NA,NA,NE,NA,NA
2014,X,SI,Suelos,NE,NE,NA,NA,NA,NA,NA,NA,NA,NA,NA,NA,NA,NA,NA,NA,NE,NE,NA,NA,NA,NA,NA,NA,NA,NA,NA,NA,NE,NA,NA
2014,X,SI,3B2biii Humedales convertidos en tierras de cultivo,NE,NE,NA,NA,NA,NA,NA,NA,NA,NA,NA,NA,NA,NA,NA,NA,NE,NE,NA,NA,NA,NA,NA,NA,NA,NA,NA,NA,NE,NA,NA
2014,X,SI,Biomasa,NE,NE,NA,NA,NA,NA,NA,NA,NA,NA,NA,NA,NA,NA,NA,NA,NE,NE,NA,NA,NA,NA,NA,NA,NA,NA,NA,NA,NE,NA,NA
2014,X,SI,MOM,NE,NE,NA,NA,NA,NA,NA,NA,NA,NA,NA,NA,NA,NA,NA,NA,NE,NE,NA,NA,NA,NA,NA,NA,NA,NA,NA,NA,NE,NA,NA
2014,X,SI,Suelos,NE,NE,NA,NA,NA,NA,NA,NA,NA,NA,NA,NA,NA,NA,NA,NA,NE,NE,NA,NA,NA,NA,NA,NA,NA,NA,NA,NA,NE,NA,NA
2014,X,SI,3B2biv Asentamientos convertidos en tierras de cultivo,NE,NE,NA,NA,NA,NA,NA,NA,NA,NA,NA,NA,NA,NA,NA,NA,NE,NE,NA,NA,NA,NA,NA,NA,NA,NA,NA,NA,NE,NA,NA
2014,X,SI,Biomasa,NE,NE,NA,NA,NA,NA,NA,NA,NA,NA,NA,NA,NA,NA,NA,NA,NE,NE,NA,NA,NA,NA,NA,NA,NA,NA,NA,NA,NE,NA,NA
2014,X,SI,MOM,NE,NE,NA,NA,NA,NA,NA,NA,NA,NA,NA,NA,NA,NA,NA,NA,NE,NE,NA,NA,NA,NA,NA,NA,NA,NA,NA,NA,NE,NA,NA
2014,X,SI,Suelos,NE,NE,NA,NA,NA,NA,NA,NA,NA,NA,NA,NA,NA,NA,NA,NA,NE,NE,NA,NA,NA,NA,NA,NA,NA,NA,NA,NA,NE,NA,NA
2014,X,SI,3B2bv Otras tierras convertidas en tierras de cultivo,NE,NE,NA,NA,NA,NA,NA,NA,NA,NA,NA,NA,NA,NA,NA,NA,NE,NE,NA,NA,NA,NA,NA,NA,NA,NA,NA,NA,NE,NA,NA
2014,X,SI,Biomasa,NE,NE,NA,NA,NA,NA,NA,NA,NA,NA,NA,NA,NA,NA,NA,NA,NE,NE,NA,NA,NA,NA,NA,NA,NA,NA,NA,NA,NE,NA,NA
2014,X,SI,MOM,NE,NE,NA,NA,NA,NA,NA,NA,NA,NA,NA,NA,NA,NA,NA,NA,NE,NE,NA,NA,NA,NA,NA,NA,NA,NA,NA,NA,NE,NA,NA
2014,X,SI,Suelos,NE,NE,NA,NA,NA,NA,NA,NA,NA,NA,NA,NA,NA,NA,NA,NA,NE,NE,NA,NA,NA,NA,NA,NA,NA,NA,NA,NA,NE,NA,NA
2014,F,SI,3.B.3 - Pastizales,-339.13,"32,612.11",NA,NA,NA,NA,NA,NA,NA,NA,NA,NA,NA,NA,NA,NA,-339.13,"32,612.11",NA,NA,NA,NA,NA,NA,NA,NA,NA,NA,-339.13,"32,612.11","32,272.98"
2014,F,SI,3B3a Pastizales que permanecen como tales,-339.13,"2,205.90",NA,NA,NA,NA,NA,NA,NA,NA,NA,NA,NA,NA,NA,NA,-339.13,"2,205.90",NA,NA,NA,NA,NA,NA,NA,NA,NA,NA,-339.13,"2,205.90","1,866.76"
2014,D,SI,Biomasa,-339.13,208.57,NA,NA,NA,NA,NA,NA,NA,NA,NA,NA,NA,NA,NA,NA,-339.13,208.57,NA,NA,NA,NA,NA,NA,NA,NA,NA,NA,-339.13,208.57,-130.56
2014,X,SI,MOM,NE,NE,NA,NA,NA,NA,NA,NA,NA,NA,NA,NA,NA,NA,NA,NA,NE,NE,NA,NA,NA,NA,NA,NA,NA,NA,NA,NA,NE,NA,NA
2014,D,SI,Suelos,NE,"1,997.32",NA,NA,NA,NA,NA,NA,NA,NA,NA,NA,NA,NA,NA,NA,NE,"1,997.32",NA,NA,NA,NA,NA,NA,NA,NA,NA,NA,NE,"1,997.32","1,997.32"
2014,F,SI,3B3b Tierras convertidas en pastizales,NE,"30,406.22",NA,NA,NA,NA,NA,NA,NA,NA,NA,NA,NA,NA,NA,NA,NE,"30,406.22",NA,NA,NA,NA,NA,NA,NA,NA,NA,NA,NE,"30,406.22","30,406.22"
2014,F,SI,3B3bi Tierras forestales convertidas en pastizales,NA,"30,406.22",NA,NA,NA,NA,NA,NA,NA,NA,NA,NA,NA,NA,NA,NA,IE,"30,406.22",NA,NA,NA,NA,NA,NA,NA,NA,NA,NA,NA,"30,406.22","30,406.22"
2014,D,SI,Biomasa,NA,"19,016.70",NA,NA,NA,NA,NA,NA,NA,NA,NA,NA,NA,NA,NA,NA,IE,"19,016.70",NA,NA,NA,NA,NA,NA,NA,NA,NA,NA,NA,"19,016.70","19,016.70"
2014,D,SI,MOM,NA,403.03,NA,NA,NA,NA,NA,NA,NA,NA,NA,NA,NA,NA,NA,NA,IE,403.03,NA,NA,NA,NA,NA,NA,NA,NA,NA,NA,NA,403.03,403.03
2014,D,SI,Suelos,NA,"10,986.48",NA,NA,NA,NA,NA,NA,NA,NA,NA,NA,NA,NA,NA,NA,IE,"10,986.48",NA,NA,NA,NA,NA,NA,NA,NA,NA,NA,NA,"10,986.48","10,986.48"
2014,X,SI,3B3bii Tierras de cultivo convertidas en pastizales,NE,NE,NA,NA,NA,NA,NA,NA,NA,NA,NA,NA,NA,NA,NA,NA,NE,NE,NA,NA,NA,NA,NA,NA,NA,NA,NA,NA,NE,NA,NA
2014,X,SI,Biomasa,NE,NE,NA,NA,NA,NA,NA,NA,NA,NA,NA,NA,NA,NA,NA,NA,NE,NE,NA,NA,NA,NA,NA,NA,NA,NA,NA,NA,NE,NA,NA
2014,X,SI,MOM,NE,NE,NA,NA,NA,NA,NA,NA,NA,NA,NA,NA,NA,NA,NA,NA,NE,NE,NA,NA,NA,NA,NA,NA,NA,NA,NA,NA,NE,NA,NA
2014,X,SI,Suelos,NE,NE,NA,NA,NA,NA,NA,NA,NA,NA,NA,NA,NA,NA,NA,NA,NE,NE,NA,NA,NA,NA,NA,NA,NA,NA,NA,NA,NE,NA,NA
2014,X,SI,3B3biii Humedales convertidos en pastizales,NE,NE,NA,NA,NA,NA,NA,NA,NA,NA,NA,NA,NA,NA,NA,NA,NE,NE,NA,NA,NA,NA,NA,NA,NA,NA,NA,NA,NE,NA,NA
2014,X,SI,Biomasa,NE,NE,NA,NA,NA,NA,NA,NA,NA,NA,NA,NA,NA,NA,NA,NA,NE,NE,NA,NA,NA,NA,NA,NA,NA,NA,NA,NA,NE,NA,NA
2014,X,SI,MOM,NE,NE,NA,NA,NA,NA,NA,NA,NA,NA,NA,NA,NA,NA,NA,NA,NE,NE,NA,NA,NA,NA,NA,NA,NA,NA,NA,NA,NE,NA,NA
2014,X,SI,Suelos,NE,NE,NA,NA,NA,NA,NA,NA,NA,NA,NA,NA,NA,NA,NA,NA,NE,NE,NA,NA,NA,NA,NA,NA,NA,NA,NA,NA,NE,NA,NA
2014,X,SI,3B3biv Asentamientos convertidos en pastizales,NE,NE,NA,NA,NA,NA,NA,NA,NA,NA,NA,NA,NA,NA,NA,NA,NE,NE,NA,NA,NA,NA,NA,NA,NA,NA,NA,NA,NE,NA,NA
2014,X,SI,Biomasa,NE,NE,NA,NA,NA,NA,NA,NA,NA,NA,NA,NA,NA,NA,NA,NA,NE,NE,NA,NA,NA,NA,NA,NA,NA,NA,NA,NA,NE,NA,NA
2014,X,SI,MOM,NE,NE,NA,NA,NA,NA,NA,NA,NA,NA,NA,NA,NA,NA,NA,NA,NE,NE,NA,NA,NA,NA,NA,NA,NA,NA,NA,NA,NE,NA,NA
2014,X,SI,Suelos,NE,NE,NA,NA,NA,NA,NA,NA,NA,NA,NA,NA,NA,NA,NA,NA,NE,NE,NA,NA,NA,NA,NA,NA,NA,NA,NA,NA,NE,NA,NA
2014,X,SI,3B3bv Otras tierras convertidas en pastizales,NE,NE,NA,NA,NA,NA,NA,NA,NA,NA,NA,NA,NA,NA,NA,NA,NE,NE,NA,NA,NA,NA,NA,NA,NA,NA,NA,NA,NE,NA,NA
2014,X,SI,Biomasa,NE,NE,NA,NA,NA,NA,NA,NA,NA,NA,NA,NA,NA,NA,NA,NA,NE,NE,NA,NA,NA,NA,NA,NA,NA,NA,NA,NA,NE,NA,NA
2014,X,SI,MOM,NE,NE,NA,NA,NA,NA,NA,NA,NA,NA,NA,NA,NA,NA,NA,NA,NE,NE,NA,NA,NA,NA,NA,NA,NA,NA,NA,NA,NE,NA,NA
2014,X,SI,Suelos,NE,NE,NA,NA,NA,NA,NA,NA,NA,NA,NA,NA,NA,NA,NA,NA,NE,NE,NA,NA,NA,NA,NA,NA,NA,NA,NA,NA,NE,NA,NA
2014,F,SI,3.B.4 - Humedales,NE,661.64,0.11,NA,NA,NA,NA,NA,NA,NA,NA,NA,NA,NA,NA,NA,NE,661.64,2.32,NA,NA,NA,NA,NA,NA,NA,NA,NA,NE,663.96,663.96
2014,F,SI,3B4a Humedales que permanecen como tales,NA,5.97,0.11,NA,NA,NA,NA,NA,NA,NA,NA,NA,NA,NA,NA,NA,NA,5.97,2.32,NA,NA,NA,NA,NA,NA,NA,NA,NA,NA,8.29,8.29
2014,D,SI,Difusón,NA,5.97,0.11,NA,NA,NA,NA,NA,NA,NA,NA,NA,NA,NA,NA,NA,NA,5.97,2.32,NA,NA,NA,NA,NA,NA,NA,NA,NA,NA,8.29,8.29
2014,F,SI,3B4b Tierras convertidas en humedales,NE,655.68,NA,NA,NA,NA,NA,NA,NA,NA,NA,NA,NA,NA,NA,NA,NE,655.68,NA,NA,NA,NA,NA,NA,NA,NA,NA,NA,NE,655.68,655.68
2014,F,SI,3B4bi Tierras forestales convertidas en humedales,NA,655.68,NA,NA,NA,NA,NA,NA,NA,NA,NA,NA,NA,NA,NA,NA,IE,655.68,NA,NA,NA,NA,NA,NA,NA,NA,NA,NA,NA,655.68,655.68
2014,D,SI,Biomasa,NA,373.97,NA,NA,NA,NA,NA,NA,NA,NA,NA,NA,NA,NA,NA,NA,IE,373.97,NA,NA,NA,NA,NA,NA,NA,NA,NA,NA,NA,373.97,373.97
2014,D,SI,MOM,NA,10.06,NA,NA,NA,NA,NA,NA,NA,NA,NA,NA,NA,NA,NA,NA,IE,10.06,NA,NA,NA,NA,NA,NA,NA,NA,NA,NA,NA,10.06,10.06
2014,D,SI,Suelos,NA,271.64,NA,NA,NA,NA,NA,NA,NA,NA,NA,NA,NA,NA,NA,NA,IE,271.64,NA,NA,NA,NA,NA,NA,NA,NA,NA,NA,NA,271.64,271.64
2014,X,SI,3B4bii Tierras de cultivo convertidas en humedales,NE,NE,NA,NA,NA,NA,NA,NA,NA,NA,NA,NA,NA,NA,NA,NA,NE,NE,NA,NA,NA,NA,NA,NA,NA,NA,NA,NA,NE,NA,NA
2014,X,SI,Biomasa,NE,NE,NA,NA,NA,NA,NA,NA,NA,NA,NA,NA,NA,NA,NA,NA,NE,NE,NA,NA,NA,NA,NA,NA,NA,NA,NA,NA,NE,NA,NA
2014,X,SI,MOM,NE,NE,NA,NA,NA,NA,NA,NA,NA,NA,NA,NA,NA,NA,NA,NA,NE,NE,NA,NA,NA,NA,NA,NA,NA,NA,NA,NA,NE,NA,NA
2014,X,SI,Suelos,NE,NE,NA,NA,NA,NA,NA,NA,NA,NA,NA,NA,NA,NA,NA,NA,NE,NE,NA,NA,NA,NA,NA,NA,NA,NA,NA,NA,NE,NA,NA
2014,X,SI,3B4biii Pastizales convertidos en humedales,NE,NE,NA,NA,NA,NA,NA,NA,NA,NA,NA,NA,NA,NA,NA,NA,NE,NE,NA,NA,NA,NA,NA,NA,NA,NA,NA,NA,NE,NA,NA
2014,X,SI,Biomasa,NE,NE,NA,NA,NA,NA,NA,NA,NA,NA,NA,NA,NA,NA,NA,NA,NE,NE,NA,NA,NA,NA,NA,NA,NA,NA,NA,NA,NE,NA,NA
2014,X,SI,MOM,NE,NE,NA,NA,NA,NA,NA,NA,NA,NA,NA,NA,NA,NA,NA,NA,NE,NE,NA,NA,NA,NA,NA,NA,NA,NA,NA,NA,NE,NA,NA
2014,X,SI,Suelos,NE,NE,NA,NA,NA,NA,NA,NA,NA,NA,NA,NA,NA,NA,NA,NA,NE,NE,NA,NA,NA,NA,NA,NA,NA,NA,NA,NA,NE,NA,NA
2014,X,SI,3B4biv Asentamientos convertidos en humedales,NE,NE,NA,NA,NA,NA,NA,NA,NA,NA,NA,NA,NA,NA,NA,NA,NE,NE,NA,NA,NA,NA,NA,NA,NA,NA,NA,NA,NE,NA,NA
2014,X,SI,Biomasa,NE,NE,NA,NA,NA,NA,NA,NA,NA,NA,NA,NA,NA,NA,NA,NA,NE,NE,NA,NA,NA,NA,NA,NA,NA,NA,NA,NA,NE,NA,NA
2014,X,SI,MOM,NE,NE,NA,NA,NA,NA,NA,NA,NA,NA,NA,NA,NA,NA,NA,NA,NE,NE,NA,NA,NA,NA,NA,NA,NA,NA,NA,NA,NE,NA,NA
2014,X,SI,Suelos,NE,NE,NA,NA,NA,NA,NA,NA,NA,NA,NA,NA,NA,NA,NA,NA,NE,NE,NA,NA,NA,NA,NA,NA,NA,NA,NA,NA,NE,NA,NA
2014,X,SI,3B4bv Otras tierras convertidas en humedales,NE,NE,NA,NA,NA,NA,NA,NA,NA,NA,NA,NA,NA,NA,NA,NA,NE,NE,NA,NA,NA,NA,NA,NA,NA,NA,NA,NA,NE,NA,NA
2014,X,SI,Biomasa,NE,NE,NA,NA,NA,NA,NA,NA,NA,NA,NA,NA,NA,NA,NA,NA,NE,NE,NA,NA,NA,NA,NA,NA,NA,NA,NA,NA,NE,NA,NA
2014,X,SI,MOM,NE,NE,NA,NA,NA,NA,NA,NA,NA,NA,NA,NA,NA,NA,NA,NA,NE,NE,NA,NA,NA,NA,NA,NA,NA,NA,NA,NA,NE,NA,NA
2014,X,SI,Suelos,NE,NE,NA,NA,NA,NA,NA,NA,NA,NA,NA,NA,NA,NA,NA,NA,NE,NE,NA,NA,NA,NA,NA,NA,NA,NA,NA,NA,NE,NA,NA
2014,F,SI,3.B.5 - Asentamientos,NE,474.41,NA,NA,NA,NA,NA,NA,NA,NA,NA,NA,NA,NA,NA,NA,NE,474.41,NA,NA,NA,NA,NA,NA,NA,NA,NA,NA,NE,474.41,474.41
2014,X,SI,3B5a Asentamientos que permanecen como tales,NE,NE,NA,NA,NA,NA,NA,NA,NA,NA,NA,NA,NA,NA,NA,NA,NE,NE,NA,NA,NA,NA,NA,NA,NA,NA,NA,NA,NE,NA,NA
2014,X,SI,Biomasa,NE,NE,NA,NA,NA,NA,NA,NA,NA,NA,NA,NA,NA,NA,NA,NA,NE,NE,NA,NA,NA,NA,NA,NA,NA,NA,NA,NA,NE,NA,NA
2014,X,SI,MOM,NE,NE,NA,NA,NA,NA,NA,NA,NA,NA,NA,NA,NA,NA,NA,NA,NE,NE,NA,NA,NA,NA,NA,NA,NA,NA,NA,NA,NE,NA,NA
2014,X,SI,Suelos,NE,NE,NA,NA,NA,NA,NA,NA,NA,NA,NA,NA,NA,NA,NA,NA,NE,NE,NA,NA,NA,NA,NA,NA,NA,NA,NA,NA,NE,NA,NA
2014,F,SI,3B5b Tierras convertidas en asentamientos,NE,474.41,NA,NA,NA,NA,NA,NA,NA,NA,NA,NA,NA,NA,NA,NA,NE,474.41,NA,NA,NA,NA,NA,NA,NA,NA,NA,NA,NE,474.41,474.41
2014,F,SI,3B5bi Tierras forestales convertidas en Asentamientos,NA,474.41,NA,NA,NA,NA,NA,NA,NA,NA,NA,NA,NA,NA,NA,NA,IE,474.41,NA,NA,NA,NA,NA,NA,NA,NA,NA,NA,NA,474.41,474.41
2014,D,SI,Biomasa,NA,210.05,NA,NA,NA,NA,NA,NA,NA,NA,NA,NA,NA,NA,NA,NA,IE,210.05,NA,NA,NA,NA,NA,NA,NA,NA,NA,NA,NA,210.05,210.05
2014,D,SI,MOM,NA,4.08,NA,NA,NA,NA,NA,NA,NA,NA,NA,NA,NA,NA,NA,NA,IE,4.08,NA,NA,NA,NA,NA,NA,NA,NA,NA,NA,NA,4.08,4.08
2014,D,SI,Suelos,NA,260.28,NA,NA,NA,NA,NA,NA,NA,NA,NA,NA,NA,NA,NA,NA,IE,260.28,NA,NA,NA,NA,NA,NA,NA,NA,NA,NA,NA,260.28,260.28
2014,X,SI,3B5bii Tierras de cultivo convertidas en Asentamientos,NE,NE,NA,NA,NA,NA,NA,NA,NA,NA,NA,NA,NA,NA,NA,NA,NE,NE,NA,NA,NA,NA,NA,NA,NA,NA,NA,NA,NE,NA,NA
2014,X,SI,Biomasa,NE,NE,NA,NA,NA,NA,NA,NA,NA,NA,NA,NA,NA,NA,NA,NA,NE,NE,NA,NA,NA,NA,NA,NA,NA,NA,NA,NA,NE,NA,NA
2014,X,SI,MOM,NE,NE,NA,NA,NA,NA,NA,NA,NA,NA,NA,NA,NA,NA,NA,NA,NE,NE,NA,NA,NA,NA,NA,NA,NA,NA,NA,NA,NE,NA,NA
2014,X,SI,Suelos,NE,NE,NA,NA,NA,NA,NA,NA,NA,NA,NA,NA,NA,NA,NA,NA,NE,NE,NA,NA,NA,NA,NA,NA,NA,NA,NA,NA,NE,NA,NA
2014,X,SI,3B5biii Pastizales convertidos en Asentamientos,NE,NE,NA,NA,NA,NA,NA,NA,NA,NA,NA,NA,NA,NA,NA,NA,NE,NE,NA,NA,NA,NA,NA,NA,NA,NA,NA,NA,NE,NA,NA
2014,X,SI,Biomasa,NE,NE,NA,NA,NA,NA,NA,NA,NA,NA,NA,NA,NA,NA,NA,NA,NE,NE,NA,NA,NA,NA,NA,NA,NA,NA,NA,NA,NE,NA,NA
2014,X,SI,MOM,NE,NE,NA,NA,NA,NA,NA,NA,NA,NA,NA,NA,NA,NA,NA,NA,NE,NE,NA,NA,NA,NA,NA,NA,NA,NA,NA,NA,NE,NA,NA
2014,X,SI,Suelos,NE,NE,NA,NA,NA,NA,NA,NA,NA,NA,NA,NA,NA,NA,NA,NA,NE,NE,NA,NA,NA,NA,NA,NA,NA,NA,NA,NA,NE,NA,NA
2014,X,SI,3B5biv Humedales convertidos en Asentamientos,NE,NE,NA,NA,NA,NA,NA,NA,NA,NA,NA,NA,NA,NA,NA,NA,NE,NE,NA,NA,NA,NA,NA,NA,NA,NA,NA,NA,NE,NA,NA
2014,X,SI,Biomasa,NE,NE,NA,NA,NA,NA,NA,NA,NA,NA,NA,NA,NA,NA,NA,NA,NE,NE,NA,NA,NA,NA,NA,NA,NA,NA,NA,NA,NE,NA,NA
2014,X,SI,MOM,NE,NE,NA,NA,NA,NA,NA,NA,NA,NA,NA,NA,NA,NA,NA,NA,NE,NE,NA,NA,NA,NA,NA,NA,NA,NA,NA,NA,NE,NA,NA
2014,X,SI,Suelos,NE,NE,NA,NA,NA,NA,NA,NA,NA,NA,NA,NA,NA,NA,NA,NA,NE,NE,NA,NA,NA,NA,NA,NA,NA,NA,NA,NA,NE,NA,NA
2014,X,SI,3B5bv Otras tierras convertidas en Asentamientos,NE,NE,NA,NA,NA,NA,NA,NA,NA,NA,NA,NA,NA,NA,NA,NA,NE,NE,NA,NA,NA,NA,NA,NA,NA,NA,NA,NA,NE,NA,NA
2014,X,SI,Biomasa,NE,NE,NA,NA,NA,NA,NA,NA,NA,NA,NA,NA,NA,NA,NA,NA,NE,NE,NA,NA,NA,NA,NA,NA,NA,NA,NA,NA,NE,NA,NA
2014,X,SI,MOM,NE,NE,NA,NA,NA,NA,NA,NA,NA,NA,NA,NA,NA,NA,NA,NA,NE,NE,NA,NA,NA,NA,NA,NA,NA,NA,NA,NA,NE,NA,NA
2014,X,SI,Suelos,NE,NE,NA,NA,NA,NA,NA,NA,NA,NA,NA,NA,NA,NA,NA,NA,NE,NE,NA,NA,NA,NA,NA,NA,NA,NA,NA,NA,NE,NA,NA
2014,F,SI,3.B.6 - Otras tierras,NE,"2,599.52",NA,NA,NA,NA,NA,NA,NA,NA,NA,NA,NA,NA,NA,NA,NE,"2,599.52",NA,NA,NA,NA,NA,NA,NA,NA,NA,NA,NE,"2,599.52","2,599.52"
2014,X,SI,3B6a Otras tierras que permanecen como tales,NA,NA,NA,NA,NA,NA,NA,NA,NA,NA,NA,NA,NA,NA,NA,NA,NA,NA,NA,NA,NA,NA,NA,NA,NA,NA,NA,NA,NA,NA,NA
2014,X,SI,Biomasa,NA,NA,NA,NA,NA,NA,NA,NA,NA,NA,NA,NA,NA,NA,NA,NA,NA,NA,NA,NA,NA,NA,NA,NA,NA,NA,NA,NA,NA,NA,NA
2014,X,SI,MOM,NA,NA,NA,NA,NA,NA,NA,NA,NA,NA,NA,NA,NA,NA,NA,NA,NA,NA,NA,NA,NA,NA,NA,NA,NA,NA,NA,NA,NA,NA,NA
2014,X,SI,Suelos,NA,NA,NA,NA,NA,NA,NA,NA,NA,NA,NA,NA,NA,NA,NA,NA,NA,NA,NA,NA,NA,NA,NA,NA,NA,NA,NA,NA,NA,NA,NA
2014,F,SI,3B6b Tierras convertidas en otras tierras,NE,"2,599.52",NA,NA,NA,NA,NA,NA,NA,NA,NA,NA,NA,NA,NA,NA,NE,"2,599.52",NA,NA,NA,NA,NA,NA,NA,NA,NA,NA,NE,"2,599.52","2,599.52"
2014,F,SI,3B6bi Tierras forestales convertidas en otras tierras,NA,"2,599.52",NA,NA,NA,NA,NA,NA,NA,NA,NA,NA,NA,NA,NA,NA,NA,"2,599.52",NA,NA,NA,NA,NA,NA,NA,NA,NA,NA,NA,"2,599.52","2,599.52"
2014,D,SI,Biomasa,NA,"2,044.12",NA,NA,NA,NA,NA,NA,NA,NA,NA,NA,NA,NA,NA,NA,NA,"2,044.12",NA,NA,NA,NA,NA,NA,NA,NA,NA,NA,NA,"2,044.12","2,044.12"
2014,D,SI,MOM,NA,50.77,NA,NA,NA,NA,NA,NA,NA,NA,NA,NA,NA,NA,NA,NA,NA,50.77,NA,NA,NA,NA,NA,NA,NA,NA,NA,NA,NA,50.77,50.77
2014,D,SI,Suelos,NA,504.63,NA,NA,NA,NA,NA,NA,NA,NA,NA,NA,NA,NA,NA,NA,NA,504.63,NA,NA,NA,NA,NA,NA,NA,NA,NA,NA,NA,504.63,504.63
2014,X,SI,3B6bii Tierras de cultivo convertidas en otras tierras,NE,NE,NA,NA,NA,NA,NA,NA,NA,NA,NA,NA,NA,NA,NA,NA,NE,NE,NA,NA,NA,NA,NA,NA,NA,NA,NA,NA,NE,NA,NA
2014,X,SI,Biomasa,NE,NE,NA,NA,NA,NA,NA,NA,NA,NA,NA,NA,NA,NA,NA,NA,NE,NE,NA,NA,NA,NA,NA,NA,NA,NA,NA,NA,NE,NA,NA
2014,X,SI,MOM,NE,NE,NA,NA,NA,NA,NA,NA,NA,NA,NA,NA,NA,NA,NA,NA,NE,NE,NA,NA,NA,NA,NA,NA,NA,NA,NA,NA,NE,NA,NA
2014,X,SI,Suelos,NE,NE,NA,NA,NA,NA,NA,NA,NA,NA,NA,NA,NA,NA,NA,NA,NE,NE,NA,NA,NA,NA,NA,NA,NA,NA,NA,NA,NE,NA,NA
2014,X,SI,3B6biii Pastizales convertidos en otras tierras,NE,NE,NA,NA,NA,NA,NA,NA,NA,NA,NA,NA,NA,NA,NA,NA,NE,NE,NA,NA,NA,NA,NA,NA,NA,NA,NA,NA,NE,NA,NA
2014,X,SI,Biomasa,NE,NE,NA,NA,NA,NA,NA,NA,NA,NA,NA,NA,NA,NA,NA,NA,NE,NE,NA,NA,NA,NA,NA,NA,NA,NA,NA,NA,NE,NA,NA
2014,X,SI,MOM,NE,NE,NA,NA,NA,NA,NA,NA,NA,NA,NA,NA,NA,NA,NA,NA,NE,NE,NA,NA,NA,NA,NA,NA,NA,NA,NA,NA,NE,NA,NA
2014,X,SI,Suelos,NE,NE,NA,NA,NA,NA,NA,NA,NA,NA,NA,NA,NA,NA,NA,NA,NE,NE,NA,NA,NA,NA,NA,NA,NA,NA,NA,NA,NE,NA,NA
2014,X,SI,3B6biv Humedales convertidos en otras tierras,NE,NE,NA,NA,NA,NA,NA,NA,NA,NA,NA,NA,NA,NA,NA,NA,NE,NE,NA,NA,NA,NA,NA,NA,NA,NA,NA,NA,NE,NA,NA
2014,X,SI,Biomasa,NE,NE,NA,NA,NA,NA,NA,NA,NA,NA,NA,NA,NA,NA,NA,NA,NE,NE,NA,NA,NA,NA,NA,NA,NA,NA,NA,NA,NE,NA,NA
2014,X,SI,MOM,NE,NE,NA,NA,NA,NA,NA,NA,NA,NA,NA,NA,NA,NA,NA,NA,NE,NE,NA,NA,NA,NA,NA,NA,NA,NA,NA,NA,NE,NA,NA
2014,X,SI,Suelos,NE,NE,NA,NA,NA,NA,NA,NA,NA,NA,NA,NA,NA,NA,NA,NA,NE,NE,NA,NA,NA,NA,NA,NA,NA,NA,NA,NA,NE,NA,NA
2014,X,SI,3B6bv Otras tierras convertidas en otras tierras,NE,NE,NA,NA,NA,NA,NA,NA,NA,NA,NA,NA,NA,NA,NA,NA,NE,NE,NA,NA,NA,NA,NA,NA,NA,NA,NA,NA,NE,NA,NA
2014,X,SI,Biomasa,NE,NE,NA,NA,NA,NA,NA,NA,NA,NA,NA,NA,NA,NA,NA,NA,NE,NE,NA,NA,NA,NA,NA,NA,NA,NA,NA,NA,NE,NA,NA
2014,X,SI,MOM,NE,NE,NA,NA,NA,NA,NA,NA,NA,NA,NA,NA,NA,NA,NA,NA,NE,NE,NA,NA,NA,NA,NA,NA,NA,NA,NA,NA,NE,NA,NA
2014,X,SI,Suelos,NE,NE,NA,NA,NA,NA,NA,NA,NA,NA,NA,NA,NA,NA,NA,NA,NE,NE,NA,NA,NA,NA,NA,NA,NA,NA,NA,NA,NE,NA,NA
2014,F,SI,3.C - Fuentes agregadas y emisiones de no CO2 provenientes de la tierra,NA,NA,60.02,61.52,NA,NA,NA,NA,NA,NA,NA,NA,25.36,"1,150.91",NA,NA,NA,NA,"1,260.50","19,069.85",NA,NA,NA,NA,NA,NA,NA,NA,NA,"20,330.35","20,330.35"
2014,F,SI,3.C.1 - Emisiones por quema de biomasa,NA,IE,35.90,1.06,NA,NA,NA,NA,NA,NA,NA,NA,25.36,"1,150.91",NA,NA,NA,IE,753.83,329.23,NA,NA,NA,NA,NA,NA,NA,NA,NA,"1,083.06","1,083.06"
2014,D,SI,3C1a Emisiones del quemado de biomasa en Tierras forestales,NA,IE,33.00,0.97,NA,NA,NA,NA,NA,NA,NA,NA,7.76,504.72,NA,NA,NA,IE,693.01,300.89,NA,NA,NA,NA,NA,NA,NA,NA,NA,993.90,993.90
2014,D,SI,3C1b Emisiones del quemado de biomasa en Tierras de cultivo,NA,IE,2.69,0.07,NA,NA,NA,NA,NA,NA,NA,NA,17.25,640.39,NA,NA,NA,IE,56.51,22.54,NA,NA,NA,NA,NA,NA,NA,NA,NA,79.04,79.04
2014,D,SI,3C1c Emisiones del quemado de biomasa en Pastizales,NA,IE,0.21,0.02,NA,NA,NA,NA,NA,NA,NA,NA,0.35,5.80,NA,NA,NA,IE,4.31,5.81,NA,NA,NA,NA,NA,NA,NA,NA,NA,10.11,10.11
2014,X,SI,3C1d Emisiones del quemado de biomasa en Otras tierras,NA,NE,NE,NE,NA,NA,NA,NA,NA,NA,NA,NA,NE,NE,NE,NE,NA,NE,NE,NE,NA,NA,NA,NA,NA,NA,NA,NA,NA,NA,NA
2014,X,SI,3.C.2 - Encalado,NA,NE,NE,NA,NA,NA,NA,NA,NA,NA,NA,NA,NA,NA,NA,NA,NA,NE,NE,NA,NA,NA,NA,NA,NA,NA,NA,NA,NA,NA,NA
2014,X,SI,3.C.3 - Aplicación de urea,NA,NE,NE,NA,NA,NA,NA,NA,NA,NA,NA,NA,NA,NA,NA,NA,NA,NE,NE,NA,NA,NA,NA,NA,NA,NA,NA,NA,NA,NA,NA
2014,F,SI,3.C.4 - Emisiones directas de N2O de suelos gestionados,NA,NA,NA,49.24,NA,NA,NA,NA,NA,NA,NA,NA,NA,NA,NA,NA,NA,NA,NA,"15,265.91",NA,NA,NA,NA,NA,NA,NA,NA,NA,"15,265.91","15,265.91"
2014,D,SI,3.C.4.a. Fertilizante sintético (FSN),NA,NA,NA,6.08,NA,NA,NA,NA,NA,NA,NA,NA,NA,NA,NA,NA,NA,NA,NA,"1,883.52",NA,NA,NA,NA,NA,NA,NA,NA,NA,"1,883.52","1,883.52"
2014,D,SI,3.C.4.b. Fertilizante orgánico (FON),NA,NA,NA,0.16,NA,NA,NA,NA,NA,NA,NA,NA,NA,NA,NA,NA,NA,NA,NA,48.15,NA,NA,NA,NA,NA,NA,NA,NA,NA,48.15,48.15
2014,D,SI,3.C.4.c. Residuos de cultivo incluidos los fijadores de nitrogeno y de forraje en la renovación de pasturas (FCR),NA,NA,NA,0.84,NA,NA,NA,NA,NA,NA,NA,NA,NA,NA,NA,NA,NA,NA,NA,259.00,NA,NA,NA,NA,NA,NA,NA,NA,NA,259.00,259.00
2014,D,SI,3.C.4.d. Mineralización por cambio en el uso o manejo (FSOM),NA,NA,NA,1.77,NA,NA,NA,NA,NA,NA,NA,NA,NA,NA,NA,NA,NA,NA,NA,549.56,NA,NA,NA,NA,NA,NA,NA,NA,NA,549.56,549.56
2014,D,SI,3.C.4.e. Gestión de suelos histosoles (FOS),NA,NA,NA,6.68,NA,NA,NA,NA,NA,NA,NA,NA,NA,NA,NA,NA,NA,NA,NA,"2,070.30",NA,NA,NA,NA,NA,NA,NA,NA,NA,"2,070.30","2,070.30"
2014,D,SI,3.C.4.f. Orina y estiércol de animales en pastoreo (FPRP),NA,NA,NA,33.73,NA,NA,NA,NA,NA,NA,NA,NA,NA,NA,NA,NA,NA,NA,NA,"10,455.37",NA,NA,NA,NA,NA,NA,NA,NA,NA,"10,455.37","10,455.37"
2014,F,SI,3.C.5 - Emisiones indirectas de N2O de suelos gestionados,NA,NA,NA,9.93,NA,NA,NA,NA,NA,NA,NA,NA,NA,NA,NA,NA,NA,NA,NA,"3,078.55",NA,NA,NA,NA,NA,NA,NA,NA,NA,"3,078.55","3,078.55"
2014,D,SI,3.C.5.a. Volatilización - Fertilizante sintético (FSN),NA,NA,NA,0.64,NA,NA,NA,NA,NA,NA,NA,NA,NA,NA,NA,NA,NA,NA,NA,199.90,NA,NA,NA,NA,NA,NA,NA,NA,NA,199.90,199.90
2014,D,SI,3.C.5.b. Volatilización - Fertilizante orgánico (FON),NA,NA,NA,0.03,NA,NA,NA,NA,NA,NA,NA,NA,NA,NA,NA,NA,NA,NA,NA,9.63,NA,NA,NA,NA,NA,NA,NA,NA,NA,9.63,9.63
2014,D,SI,3.C.5.c. Volatilización - Orina y estiércol de animales en pastoreo (FPRP),NA,NA,NA,3.37,NA,NA,NA,NA,NA,NA,NA,NA,NA,NA,NA,NA,NA,NA,NA,"1,045.54",NA,NA,NA,NA,NA,NA,NA,NA,NA,"1,045.54","1,045.54"
2014,D,SI,3.C.5.d. Lixiviación/escurrimiento Fertilizante sintético (FSN),NA,NA,NA,1.45,NA,NA,NA,NA,NA,NA,NA,NA,NA,NA,NA,NA,NA,NA,NA,449.77,NA,NA,NA,NA,NA,NA,NA,NA,NA,449.77,449.77
2014,D,SI,3.C.5.e. Lixiviación/escurrimiento Fertilizante orgánico (FON),NA,NA,NA,0.03,NA,NA,NA,NA,NA,NA,NA,NA,NA,NA,NA,NA,NA,NA,NA,10.83,NA,NA,NA,NA,NA,NA,NA,NA,NA,10.83,10.83
2014,D,SI,3.C.5.f. Lixiviación/escurrimiento Residuos de cultivo incluidos los fijadores de nitrogeno y de forraje en la renovación de pasturas (FCR),NA,NA,NA,0.20,NA,NA,NA,NA,NA,NA,NA,NA,NA,NA,NA,NA,NA,NA,NA,63.00,NA,NA,NA,NA,NA,NA,NA,NA,NA,63.00,63.00
2014,D,SI,3.C.5.g. Lixiviación/escurrimiento Mineralización por cambio en el uso o manejo (FSOM),NA,NA,NA,0.40,NA,NA,NA,NA,NA,NA,NA,NA,NA,NA,NA,NA,NA,NA,NA,123.65,NA,NA,NA,NA,NA,NA,NA,NA,NA,123.65,123.65
2014,D,SI,3.C.5.h. Lixiviación/escurrimiento - Orina y estiércol de animales en pastoreo (FPRP),NA,NA,NA,3.79,NA,NA,NA,NA,NA,NA,NA,NA,NA,NA,NA,NA,NA,NA,NA,"1,176.23",NA,NA,NA,NA,NA,NA,NA,NA,NA,"1,176.23","1,176.23"
2014,F,SI,3.C.6 - Emisiones indirectas de N2O de gestión de estiércol,NA,NA,NA,1.28,NA,NA,NA,NA,NA,NA,NA,NA,NA,NA,NA,NA,NA,NA,NA,396.17,NA,NA,NA,NA,NA,NA,NA,NA,NA,396.17,396.17
2014,F,SI,3C6a Total Ganado Bovino,NE,NA,NA,0.33,NA,NA,NA,NA,NA,NA,NA,NA,NA,NA,NA,NA,NA,NA,NA,102.09,NA,NA,NA,NA,NA,NA,NA,NA,NE,102.09,102.09
2014,D,SI,3C6ai Ganado Bovino Vacas de Alta Produccion,NE,NA,NA,0.02,NA,NA,NA,NA,NA,NA,NA,NA,NA,NA,NA,NA,NA,NA,NA,5.08,NA,NA,NA,NA,NA,NA,NA,NA,NE,5.08,5.08
2014,D,SI,3C6aii Ganado Bovino Vacas de Baja Produccion,NE,NA,NA,0.07,NA,NA,NA,NA,NA,NA,NA,NA,NA,NA,NA,NA,NA,NA,NA,22.47,NA,NA,NA,NA,NA,NA,NA,NA,NE,22.47,22.47
2014,D,SI,3C6aiii Ganado Bovino Vacas para produccion de carne,NE,NA,NA,0.10,NA,NA,NA,NA,NA,NA,NA,NA,NA,NA,NA,NA,NA,NA,NA,31.68,NA,NA,NA,NA,NA,NA,NA,NA,NE,31.68,31.68
2014,D,SI,3C6aiv Ganado Bovino Toros utilizados con fines reproductivos,NE,NA,NA,0.02,NA,NA,NA,NA,NA,NA,NA,NA,NA,NA,NA,NA,NA,NA,NA,5.93,NA,NA,NA,NA,NA,NA,NA,NA,NE,5.93,5.93
2014,D,SI,3C6av Ganado Bovino Terneros pre-destetos,NE,NA,NA,0.01,NA,NA,NA,NA,NA,NA,NA,NA,NA,NA,NA,NA,NA,NA,NA,4.36,NA,NA,NA,NA,NA,NA,NA,NA,NE,4.36,4.36
2014,D,SI,3C6avi Ganado Bovino Terneras de remplazo,NE,NA,NA,0.03,NA,NA,NA,NA,NA,NA,NA,NA,NA,NA,NA,NA,NA,NA,NA,10.44,NA,NA,NA,NA,NA,NA,NA,NA,NE,10.44,10.44
2014,D,SI,3C6avii Ganado Bovino Ganado de engorde,NE,NA,NA,0.07,NA,NA,NA,NA,NA,NA,NA,NA,NA,NA,NA,NA,NA,NA,NA,22.14,NA,NA,NA,NA,NA,NA,NA,NA,NE,22.14,22.14
2014,D,SI,3C6b Búfalos,NE,NA,NA,0.00,NA,NA,NA,NA,NA,NA,NA,NA,NA,NA,NA,NA,NA,NA,NA,0.76,NA,NA,NA,NA,NA,NA,NA,NA,NE,0.76,0.76
2014,D,SI,3C6c Ovinos,NE,NA,NA,0.00,NA,NA,NA,NA,NA,NA,NA,NA,NA,NA,NA,NA,NA,NA,NA,0.91,NA,NA,NA,NA,NA,NA,NA,NA,NE,0.91,0.91
2014,D,SI,3C6d Caprinos,NE,NA,NA,0.00,NA,NA,NA,NA,NA,NA,NA,NA,NA,NA,NA,NA,NA,NA,NA,1.10,NA,NA,NA,NA,NA,NA,NA,NA,NE,1.10,1.10
2014,X,SI,3C6e Camellos,NE,NA,NA,NO,NA,NA,NA,NA,NA,NA,NA,NA,NA,NA,NA,NA,NA,NA,NA,NO,NA,NA,NA,NA,NA,NA,NA,NA,NE,NA,NA
2014,D,SI,3C6f Caballos,NE,NA,NA,0.02,NA,NA,NA,NA,NA,NA,NA,NA,NA,NA,NA,NA,NA,NA,NA,4.72,NA,NA,NA,NA,NA,NA,NA,NA,NE,4.72,4.72
2014,D,SI,3C6g Mulas y asnos,NE,NA,NA,0.00,NA,NA,NA,NA,NA,NA,NA,NA,NA,NA,NA,NA,NA,NA,NA,NE,NA,NA,NA,NA,NA,NA,NA,NA,NE,0.00,0.00
2014,F,SI,3C6h Porcinos,NE,NA,NA,0.30,NA,NA,NA,NA,NA,NA,NA,NA,NA,NA,NA,NA,NA,NA,NA,93.13,NA,NA,NA,NA,NA,NA,NA,NA,NE,93.13,93.13
2014,D,SI,3C6hi Porcinos < 6 meses,NE,NA,NA,0.12,NA,NA,NA,NA,NA,NA,NA,NA,NA,NA,NA,NA,NA,NA,NA,37.48,NA,NA,NA,NA,NA,NA,NA,NA,NE,37.48,37.48
2014,D,SI,3C6hii Porcinos > 6 meses,NE,NA,NA,0.18,NA,NA,NA,NA,NA,NA,NA,NA,NA,NA,NA,NA,NA,NA,NA,55.65,NA,NA,NA,NA,NA,NA,NA,NA,NE,55.65,55.65
2014,D,SI,3C6j Otros,NE,NA,NA,0.62,NA,NA,NA,NA,NA,NA,NA,NA,NA,NA,NA,NA,NA,NA,NA,193.47,NA,NA,NA,NA,NA,NA,NA,NA,NE,193.47,193.47
2014,D,SI,3.C.7 - Cultivo de arroz,NE,NA,24.13,NA,NA,NA,NA,NA,NA,NA,NA,NA,NA,NA,NA,NA,NA,NA,506.67,NA,NA,NA,NA,NA,NA,NA,NA,NA,NE,506.67,506.67
2014,D,SI,3.C.7 a - Cultivo de arroz  Riego,NE,NA,18.98,NA,NA,NA,NA,NA,NA,NA,NA,NA,NA,NA,NA,NA,NA,NA,398.66,NA,NA,NA,NA,NA,NA,NA,NA,NA,NE,398.66,398.66
2014,D,SI,3.C.7 b - Cultivo de arroz Secano,NE,NA,5.14,NA,NA,NA,NA,NA,NA,NA,NA,NA,NA,NA,NA,NA,NA,NA,108.01,NA,NA,NA,NA,NA,NA,NA,NA,NA,NE,108.01,108.01
2014,F,SI,4 - Residuos,NA,406.8,636.4,2.1,NA,NA,NA,NA,NA,NA,NA,NA,NE,NE,NE,NE,NA,406.8,"13,363.5",643.5,NA,NA,NA,NA,NA,NA,NA,NA,NA,"14,413.8","14,413.8"
2014,F,SI,4.A - Eliminación de desechos sólidos,NA,NA,311.7,NE,NA,NA,NA,NA,NA,NA,NA,NA,NE,NE,NE,NA,NA,NA,"6,546.7",NE,NA,NA,NA,NA,NA,NA,NA,NA,NA,"6,546.7","6,546.7"
2014,F,SI,4A1 Sitios gestionados de eliminación de desechos,NA,NA,290.3,NE,NA,NA,NA,NA,NA,NA,NA,NA,NE,NE,NE,NA,NA,NA,"6,095.3",NE,NA,NA,NA,NA,NA,NA,NA,NA,NA,"6,095.3","6,095.3"
2014,D,SI,4A1a Rellenos regionales,NA,NA,238.6,NE,NA,NA,NA,NA,NA,NA,NA,NA,NE,NE,NE,NA,NA,NA,"5,010.6",NE,NA,NA,NA,NA,NA,NA,NA,NA,NA,"5,010.6","5,010.6"
2014,D,SI,4A1b Rellenos locales. plantas integrales y celdas de contingencia,NA,NA,51.7,NE,NA,NA,NA,NA,NA,NA,NA,NA,NE,NE,NE,NA,NA,NA,"1,084.8",NE,NA,NA,NA,NA,NA,NA,NA,NA,NA,"1,084.8","1,084.8"
2014,D,SI,4A2 Sitios no gestionados de eliminación de desechos,NA,NA,IE,NA,NA,NA,NA,NA,NA,NA,NA,NA,NE,NE,NE,NA,NA,NA,IE,NA,NA,NA,NA,NA,NA,NA,NA,NA,NA,IE,IE
2014,D,SI,4A3 Sitios no categorizados de eliminación de desechos,NA,NA,21.5,NE,NA,NA,NA,NA,NA,NA,NA,NA,NE,NE,NE,NA,NA,NA,451.4,NE,NA,NA,NA,NA,NA,NA,NA,NA,NA,451.4,451.4
2014,X,SI,4.B - Tratamiento biológico de los desechos sólidos,NA,NA,NE,NE,NA,NA,NA,NA,NA,NA,NA,NA,NE,NE,NE,NA,NA,NA,NE,NE,NA,NA,NA,NA,NA,NA,NA,NA,NA,NE,NE
2014,F,SI,4.C - Incineración e incineración abierta de desechos,NA,406.8,6.1,0.1,NA,NA,NA,NA,NA,NA,NA,NA,NE,NE,NE,NE,NA,406.8,129.1,44.0,NA,NA,NA,NA,NA,NA,NA,NA,NA,579.8,579.8
2014,D,SI,4C1 Incineración de desechos,NA,89.8,NE,NE,NA,NA,NA,NA,NA,NA,NA,NA,NE,NE,NE,NE,NA,89.8,NE,NE,NA,NA,NA,NA,NA,NA,NA,NA,NA,89.8,89.8
2014,D,SI,4C2 Incineración abierta de desechos,NA,316.9,6.1,0.1,NA,NA,NA,NA,NA,NA,NA,NA,NE,NE,NE,NE,NA,316.9,129.1,44.0,NA,NA,NA,NA,NA,NA,NA,NA,NA,490.0,490.0
2014,F,SI,4.D - Tratamiento y eliminación de aguas residuales.,NA,NA,318.5,1.9,NA,NA,NA,NA,NA,NA,NA,NA,NA,NA,NE,NA,NA,NA,"6,687.8",599.5,NA,NA,NA,NA,NA,NA,NA,NA,NA,"7,287.3","7,287.3"
2014,F,SI,4D1 Tratamiento y eliminación de aguas residuales domésticas,NA,NA,99.7,1.9,NA,NA,NA,NA,NA,NA,NA,NA,NA,NA,NE,NA,NA,NA,"2,093.5",599.5,NA,NA,NA,NA,NA,NA,NA,NA,NA,"2,693.0","2,693.0"
2014,F,SI,4D1a Población cabecera municipal,NA,NA,66.3,1.5,NA,NA,NA,NA,NA,NA,NA,NA,NA,NA,NE,NA,NA,NA,"1,392.4",457.3,NA,NA,NA,NA,NA,NA,NA,NA,NA,"1,849.7","1,849.7"
2014,D,SI,4D1ai Alcantarillado y PTAR,NA,NA,33.0,0.5,NA,NA,NA,NA,NA,NA,NA,NA,NA,NA,NE,NA,NA,NA,692.3,140.5,NA,NA,NA,NA,NA,NA,NA,NA,NA,832.9,832.9
2014,D,SI,4D1aii Alcantarillado sin PTAR,NA,NA,24.5,0.9,NA,NA,NA,NA,NA,NA,NA,NA,NA,NA,NE,NA,NA,NA,514.6,281.5,NA,NA,NA,NA,NA,NA,NA,NA,NA,796.0,796.0
2014,D,SI,4D1aiii Sin alcantarillado,NA,NA,8.8,0.1,NA,NA,NA,NA,NA,NA,NA,NA,NA,NA,NE,NA,NA,NA,185.5,35.4,NA,NA,NA,NA,NA,NA,NA,NA,NA,220.8,220.8
2014,D,SI,4D1b Población rural (sin alcantarillado),NA,NA,33.4,0.5,NA,NA,NA,NA,NA,NA,NA,NA,NA,NA,NE,NA,NA,NA,701.1,142.2,NA,NA,NA,NA,NA,NA,NA,NA,NA,843.3,843.3
2014,D,SI,4D2 Tratamiento y eliminación  de aguas residuales industriales,NA,NA,218.8,NE,NA,NA,NA,NA,NA,NA,NA,NA,NA,NA,NE,NA,NA,NA,"4,594.2",NE,NA,NA,NA,NA,NA,NA,NA,NA,NA,"4,594.2","4,594.2"
2014,X,SI,4.E - Otros,NA,NA,NA,NA,NA,NA,NA,NA,NA,NA,NA,NA,NA,NA,NA,NA,NA,NA,NA,NA,NA,NA,NA,NA,NA,NA,NA,NA,NA,NA,NA
2014,F,N,5 - Otros,0.00,0.00,0.00,0.00,0.00,0.00,0.00,0.00,0.00,0.00,0.00,0.00,0.00,0.00,0.00,0.00,0.00,0.00,0.00,0.00,0.00,0.00,0.00,0.00,0.00,0.00,0.00,0.00,0.00,0.00,0.00
2014,X,N,5.A - Emisiones indirectas de N2O de la deposición atmosférica de nitrógeno como NOx y NH3,NA,NA,NA,NE,NA,NA,NA,NA,NA,NA,NA,NA,NA,NA,NA,NA,NA,NA,NA,NE,NA,NA,NA,NA,NA,NA,NA,NA,NA,NA,NA
2014,X,N,5.B - Otros,NA,NA,NA,NO,NA,NA,NA,NA,NA,NA,NA,NA,NA,NA,NA,NA,NA,NA,NA,NO,NA,NA,NA,NA,NA,NA,NA,NA,NA,NA,NA
